issuer,quarter,complaints,with_narrative,narrative_pct
American Express,2023-Q1,661,368,55.7
American Express,2023-Q2,737,406,55.1
American Express,2023-Q3,810,452,55.8
American Express,2023-Q4,984,499,50.7
American Express,2024-Q1,1155,594,51.4
American Express,2024-Q2,956,532,55.6
American Express,2024-Q3,924,499,54.0
American Express,2024-Q4,915,496,54.2
American Express,2025-Q1,1086,620,57.1
American Express,2025-Q2,1193,729,61.1
American Express,2025-Q3,1194,663,55.5
American Express,2025-Q4,1241,599,48.3
American Express,2026-Q1,1452,548,37.7
American Express,2026-Q2,1549,640,41.3
American Express,2026-Q3,1024,104,10.2
Bank of America,2023-Q1,766,416,54.3
Bank of America,2023-Q2,651,340,52.2
Bank of America,2023-Q3,961,546,56.8
Bank of America,2023-Q4,787,417,53.0
Bank of America,2024-Q1,897,447,49.8
Bank of America,2024-Q2,738,372,50.4
Bank of America,2024-Q3,876,502,57.3
Bank of America,2024-Q4,870,469,53.9
Bank of America,2025-Q1,1009,536,53.1
Bank of America,2025-Q2,922,512,55.5
Bank of America,2025-Q3,1047,564,53.9
Bank of America,2025-Q4,1164,535,46.0
Bank of America,2026-Q1,1615,555,34.4
Bank of America,2026-Q2,1634,634,38.8
Bank of America,2026-Q3,1106,130,11.8
Capital One,2023-Q1,1561,867,55.5
Capital One,2023-Q2,1376,777,56.5
Capital One,2023-Q3,1529,880,57.6
Capital One,2023-Q4,1708,915,53.6
Capital One,2024-Q1,1821,966,53.0
Capital One,2024-Q2,1686,918,54.4
Capital One,2024-Q3,1777,949,53.4
Capital One,2024-Q4,1774,994,56.0
Capital One,2025-Q1,2422,1337,55.2
Capital One,2025-Q2,2354,1339,56.9
Capital One,2025-Q3,2577,1496,58.1
Capital One,2025-Q4,2570,1281,49.8
Capital One,2026-Q1,3191,1156,36.2
Capital One,2026-Q2,3668,1462,39.9
Capital One,2026-Q3,2699,224,8.3
Chase,2023-Q1,926,547,59.1
Chase,2023-Q2,866,478,55.2
Chase,2023-Q3,1172,659,56.2
Chase,2023-Q4,1467,810,55.2
Chase,2024-Q1,1306,737,56.4
Chase,2024-Q2,1344,742,55.2
Chase,2024-Q3,1328,747,56.3
Chase,2024-Q4,1298,725,55.9
Chase,2025-Q1,1413,787,55.7
Chase,2025-Q2,1395,765,54.8
Chase,2025-Q3,1523,846,55.5
Chase,2025-Q4,1620,756,46.7
Chase,2026-Q1,1877,664,35.4
Chase,2026-Q2,1748,682,39.0
Chase,2026-Q3,1229,93,7.6
Citi,2023-Q1,1066,606,56.8
Citi,2023-Q2,1064,604,56.8
Citi,2023-Q3,1239,693,55.9
Citi,2023-Q4,1292,728,56.3
Citi,2024-Q1,1446,811,56.1
Citi,2024-Q2,1722,959,55.7
Citi,2024-Q3,1784,994,55.7
Citi,2024-Q4,1733,959,55.3
Citi,2025-Q1,1932,1081,56.0
Citi,2025-Q2,1937,1070,55.2
Citi,2025-Q3,2193,1207,55.0
Citi,2025-Q4,2558,1251,48.9
Citi,2026-Q1,2956,1082,36.6
Citi,2026-Q2,3177,1221,38.4
Citi,2026-Q3,2193,345,15.7
Discover,2023-Q1,519,251,48.4
Discover,2023-Q2,486,246,50.6
Discover,2023-Q3,548,281,51.3
Discover,2023-Q4,626,322,51.4
Discover,2024-Q1,609,312,51.2
Discover,2024-Q2,531,271,51.0
Discover,2024-Q3,595,334,56.1
Discover,2024-Q4,567,292,51.5
Discover,2025-Q1,671,334,49.8
Discover,2025-Q2,686,368,53.6
Discover,2025-Q3,748,379,50.7
Discover,2025-Q4,725,327,45.1
Discover,2026-Q1,806,320,39.7
Synchrony,2023-Q1,907,553,61.0
Synchrony,2023-Q2,873,520,59.6
Synchrony,2023-Q3,926,582,62.9
Synchrony,2023-Q4,1047,637,60.8
Synchrony,2024-Q1,1202,689,57.3
Synchrony,2024-Q2,1426,833,58.4
Synchrony,2024-Q3,1372,805,58.7
Synchrony,2024-Q4,1301,792,60.9
Synchrony,2025-Q1,1411,853,60.5
Synchrony,2025-Q2,1448,913,63.1
Synchrony,2025-Q3,1745,1074,61.5
Synchrony,2025-Q4,1966,1059,53.9
Synchrony,2026-Q1,2452,1012,41.3
Synchrony,2026-Q2,2289,1008,44.0
Synchrony,2026-Q3,1617,217,13.4
