issuer,month,complaints,share_of_all_card_complaints_pct,index_vs_2023_avg,complaints_3m_avg
American Express,2023-01-01,201,5.04,75.6,201.0
American Express,2023-02-01,206,5.63,77.4,203.5
American Express,2023-03-01,254,6.1,95.5,220.3
American Express,2023-04-01,203,5.86,76.3,221.0
American Express,2023-05-01,270,7.0,101.5,242.3
American Express,2023-06-01,264,6.15,99.2,245.7
American Express,2023-07-01,276,5.64,103.8,270.0
American Express,2023-08-01,255,4.69,95.9,265.0
American Express,2023-09-01,279,5.67,104.9,270.0
American Express,2023-10-01,318,5.47,119.5,284.0
American Express,2023-11-01,317,6.15,119.2,304.7
American Express,2023-12-01,349,7.31,131.2,328.0
American Express,2024-01-01,388,7.39,145.9,351.3
American Express,2024-02-01,376,7.26,141.4,371.0
American Express,2024-03-01,391,6.64,147.0,385.0
American Express,2024-04-01,388,5.81,145.9,385.0
American Express,2024-05-01,308,4.56,115.8,362.3
American Express,2024-06-01,260,4.7,97.7,318.7
American Express,2024-07-01,307,4.96,115.4,291.7
American Express,2024-08-01,313,4.26,117.7,293.3
American Express,2024-09-01,304,4.23,114.3,308.0
American Express,2024-10-01,301,4.19,113.2,306.0
American Express,2024-11-01,301,4.94,113.2,302.0
American Express,2024-12-01,313,4.67,117.7,305.0
American Express,2025-01-01,437,4.82,164.3,350.3
American Express,2025-02-01,336,5.41,126.3,362.0
American Express,2025-03-01,313,5.0,117.7,362.0
American Express,2025-04-01,338,4.9,127.1,329.0
American Express,2025-05-01,426,5.67,160.2,359.0
American Express,2025-06-01,429,5.83,161.3,397.7
American Express,2025-07-01,413,5.1,155.3,422.7
American Express,2025-08-01,372,4.7,139.8,404.7
American Express,2025-09-01,409,4.81,153.8,398.0
American Express,2025-10-01,433,5.84,162.8,404.7
American Express,2025-11-01,383,5.58,144.0,408.3
American Express,2025-12-01,425,5.41,159.8,413.7
American Express,2026-01-01,507,5.33,190.6,438.3
American Express,2026-02-01,422,5.7,158.6,451.3
American Express,2026-03-01,523,6.28,196.6,484.0
American Express,2026-04-01,577,7.01,216.9,507.3
American Express,2026-05-01,503,6.35,189.1,534.3
American Express,2026-06-01,469,6.29,176.3,516.3
American Express,2026-07-01,527,6.57,198.1,499.7
American Express,2026-08-01,497,6.22,186.8,497.7
Bank of America,2023-01-01,246,6.17,93.3,246.0
Bank of America,2023-02-01,222,6.07,84.2,234.0
Bank of America,2023-03-01,298,7.15,113.0,255.3
Bank of America,2023-04-01,229,6.61,86.8,249.7
Bank of America,2023-05-01,202,5.24,76.6,243.0
Bank of America,2023-06-01,220,5.12,83.4,217.0
Bank of America,2023-07-01,413,8.44,156.6,278.3
Bank of America,2023-08-01,301,5.54,114.1,311.3
Bank of America,2023-09-01,247,5.02,93.6,320.3
Bank of America,2023-10-01,295,5.08,111.8,281.0
Bank of America,2023-11-01,250,4.85,94.8,264.0
Bank of America,2023-12-01,242,5.07,91.8,262.3
Bank of America,2024-01-01,296,5.64,112.2,262.7
Bank of America,2024-02-01,307,5.92,116.4,281.7
Bank of America,2024-03-01,294,4.99,111.5,299.0
Bank of America,2024-04-01,273,4.09,103.5,291.3
Bank of America,2024-05-01,237,3.51,89.9,268.0
Bank of America,2024-06-01,228,4.12,86.4,246.0
Bank of America,2024-07-01,295,4.76,111.8,253.3
Bank of America,2024-08-01,293,3.98,111.1,272.0
Bank of America,2024-09-01,288,4.01,109.2,292.0
Bank of America,2024-10-01,281,3.92,106.5,287.3
Bank of America,2024-11-01,287,4.71,108.8,285.3
Bank of America,2024-12-01,302,4.51,114.5,290.0
Bank of America,2025-01-01,346,3.81,131.2,311.7
Bank of America,2025-02-01,329,5.3,124.7,325.7
Bank of America,2025-03-01,334,5.34,126.6,336.3
Bank of America,2025-04-01,279,4.05,105.8,314.0
Bank of America,2025-05-01,329,4.38,124.7,314.0
Bank of America,2025-06-01,314,4.26,119.1,307.3
Bank of America,2025-07-01,350,4.32,132.7,331.0
Bank of America,2025-08-01,351,4.43,133.1,338.3
Bank of America,2025-09-01,346,4.07,131.2,349.0
Bank of America,2025-10-01,319,4.3,120.9,338.7
Bank of America,2025-11-01,356,5.19,135.0,340.3
Bank of America,2025-12-01,489,6.22,185.4,388.0
Bank of America,2026-01-01,568,5.97,215.4,471.0
Bank of America,2026-02-01,488,6.59,185.0,515.0
Bank of America,2026-03-01,559,6.71,211.9,538.3
Bank of America,2026-04-01,562,6.83,213.1,536.3
Bank of America,2026-05-01,552,6.97,209.3,557.7
Bank of America,2026-06-01,520,6.98,197.2,544.7
Bank of America,2026-07-01,538,6.7,204.0,536.7
Bank of America,2026-08-01,568,7.1,215.4,542.0
Capital One,2023-01-01,486,12.18,94.5,486.0
Capital One,2023-02-01,507,13.87,98.5,496.5
Capital One,2023-03-01,568,13.63,110.4,520.3
Capital One,2023-04-01,443,12.78,86.1,506.0
Capital One,2023-05-01,446,11.57,86.7,485.7
Capital One,2023-06-01,487,11.34,94.7,458.7
Capital One,2023-07-01,513,10.49,99.7,482.0
Capital One,2023-08-01,535,9.84,104.0,511.7
Capital One,2023-09-01,481,9.78,93.5,509.7
Capital One,2023-10-01,588,10.12,114.3,534.7
Capital One,2023-11-01,531,10.3,103.2,533.3
Capital One,2023-12-01,589,12.33,114.5,569.3
Capital One,2024-01-01,585,11.15,113.7,568.3
Capital One,2024-02-01,605,11.68,117.6,593.0
Capital One,2024-03-01,631,10.71,122.6,607.0
Capital One,2024-04-01,595,8.91,115.6,610.3
Capital One,2024-05-01,572,8.46,111.2,599.3
Capital One,2024-06-01,519,9.38,100.9,562.0
Capital One,2024-07-01,565,9.12,109.8,552.0
Capital One,2024-08-01,592,8.05,115.1,558.7
Capital One,2024-09-01,620,8.63,120.5,592.3
Capital One,2024-10-01,591,8.24,114.9,601.0
Capital One,2024-11-01,573,9.4,111.4,594.7
Capital One,2024-12-01,610,9.11,118.6,591.3
Capital One,2025-01-01,992,10.93,192.8,725.0
Capital One,2025-02-01,684,11.01,132.9,762.0
Capital One,2025-03-01,746,11.93,145.0,807.3
Capital One,2025-04-01,744,10.79,144.6,724.7
Capital One,2025-05-01,774,10.3,150.4,754.7
Capital One,2025-06-01,836,11.35,162.5,784.7
Capital One,2025-07-01,886,10.93,172.2,832.0
Capital One,2025-08-01,838,10.58,162.9,853.3
Capital One,2025-09-01,853,10.03,165.8,859.0
Capital One,2025-10-01,747,10.08,145.2,812.7
Capital One,2025-11-01,829,12.08,161.1,809.7
Capital One,2025-12-01,994,12.65,193.2,856.7
Capital One,2026-01-01,1150,12.08,223.5,991.0
Capital One,2026-02-01,937,12.66,182.1,1027.0
Capital One,2026-03-01,1104,13.26,214.6,1063.7
Capital One,2026-04-01,1307,15.88,254.0,1116.0
Capital One,2026-05-01,1235,15.6,240.0,1215.3
Capital One,2026-06-01,1126,15.11,218.9,1222.7
Capital One,2026-07-01,1331,16.58,258.7,1230.7
Capital One,2026-08-01,1368,17.11,265.9,1275.0
Chase,2023-01-01,332,8.32,89.9,332.0
Chase,2023-02-01,281,7.69,76.1,306.5
Chase,2023-03-01,313,7.51,84.8,308.7
Chase,2023-04-01,258,7.44,69.9,284.0
Chase,2023-05-01,273,7.08,73.9,281.3
Chase,2023-06-01,335,7.8,90.7,288.7
Chase,2023-07-01,350,7.15,94.8,319.3
Chase,2023-08-01,432,7.95,117.0,372.3
Chase,2023-09-01,390,7.93,105.6,390.7
Chase,2023-10-01,585,10.07,158.4,469.0
Chase,2023-11-01,467,9.06,126.5,480.7
Chase,2023-12-01,415,8.69,112.4,489.0
Chase,2024-01-01,450,8.58,121.9,444.0
Chase,2024-02-01,374,7.22,101.3,413.0
Chase,2024-03-01,482,8.18,130.5,435.3
Chase,2024-04-01,454,6.8,123.0,436.7
Chase,2024-05-01,430,6.36,116.5,455.3
Chase,2024-06-01,460,8.31,124.6,448.0
Chase,2024-07-01,446,7.2,120.8,445.3
Chase,2024-08-01,442,6.01,119.7,449.3
Chase,2024-09-01,440,6.12,119.2,442.7
Chase,2024-10-01,453,6.31,122.7,445.0
Chase,2024-11-01,408,6.69,110.5,433.7
Chase,2024-12-01,437,6.53,118.3,432.7
Chase,2025-01-01,521,5.74,141.1,455.3
Chase,2025-02-01,433,6.97,117.3,463.7
Chase,2025-03-01,459,7.34,124.3,471.0
Chase,2025-04-01,423,6.13,114.6,438.3
Chase,2025-05-01,471,6.27,127.6,451.0
Chase,2025-06-01,501,6.8,135.7,465.0
Chase,2025-07-01,527,6.5,142.7,499.7
Chase,2025-08-01,488,6.16,132.2,505.3
Chase,2025-09-01,508,5.97,137.6,507.7
Chase,2025-10-01,465,6.27,125.9,487.0
Chase,2025-11-01,513,7.48,138.9,495.3
Chase,2025-12-01,642,8.17,173.9,540.0
Chase,2026-01-01,696,7.31,188.5,617.0
Chase,2026-02-01,566,7.65,153.3,634.7
Chase,2026-03-01,615,7.39,166.6,625.7
Chase,2026-04-01,588,7.15,159.2,589.7
Chase,2026-05-01,582,7.35,157.6,595.0
Chase,2026-06-01,578,7.76,156.5,582.7
Chase,2026-07-01,597,7.44,161.7,585.7
Chase,2026-08-01,632,7.9,171.2,602.3
Citi,2023-01-01,339,8.5,87.3,339.0
Citi,2023-02-01,326,8.92,83.9,332.5
Citi,2023-03-01,401,9.63,103.2,355.3
Citi,2023-04-01,331,9.55,85.2,352.7
Citi,2023-05-01,350,9.08,90.1,360.7
Citi,2023-06-01,383,8.92,98.6,354.7
Citi,2023-07-01,396,8.09,102.0,376.3
Citi,2023-08-01,421,7.75,108.4,400.0
Citi,2023-09-01,422,8.58,108.6,413.0
Citi,2023-10-01,461,7.93,118.7,434.7
Citi,2023-11-01,431,8.36,111.0,438.0
Citi,2023-12-01,400,8.38,103.0,430.7
Citi,2024-01-01,460,8.77,118.4,430.3
Citi,2024-02-01,443,8.55,114.1,434.3
Citi,2024-03-01,543,9.22,139.8,482.0
Citi,2024-04-01,598,8.96,154.0,528.0
Citi,2024-05-01,581,8.59,149.6,574.0
Citi,2024-06-01,543,9.81,139.8,574.0
Citi,2024-07-01,599,9.67,154.2,574.3
Citi,2024-08-01,603,8.2,155.2,581.7
Citi,2024-09-01,582,8.1,149.8,594.7
Citi,2024-10-01,579,8.07,149.1,588.0
Citi,2024-11-01,542,8.89,139.5,567.7
Citi,2024-12-01,612,9.14,157.6,577.7
Citi,2025-01-01,754,8.31,194.1,636.0
Citi,2025-02-01,599,9.64,154.2,655.0
Citi,2025-03-01,579,9.26,149.1,644.0
Citi,2025-04-01,598,8.67,154.0,592.0
Citi,2025-05-01,685,9.12,176.4,620.7
Citi,2025-06-01,654,8.88,168.4,645.7
Citi,2025-07-01,723,8.92,186.1,687.3
Citi,2025-08-01,677,8.55,174.3,684.7
Citi,2025-09-01,793,9.33,204.2,731.0
Citi,2025-10-01,749,10.1,192.8,739.7
Citi,2025-11-01,824,12.01,212.1,788.7
Citi,2025-12-01,985,12.53,253.6,852.7
Citi,2026-01-01,1068,11.22,275.0,959.0
Citi,2026-02-01,900,12.16,231.7,984.3
Citi,2026-03-01,988,11.87,254.4,985.3
Citi,2026-04-01,1069,12.99,275.2,985.7
Citi,2026-05-01,1021,12.89,262.9,1026.0
Citi,2026-06-01,1087,14.58,279.9,1059.0
Citi,2026-07-01,1116,13.9,287.3,1074.7
Citi,2026-08-01,1077,13.47,277.3,1093.3
Discover,2023-01-01,160,4.01,88.1,160.0
Discover,2023-02-01,168,4.6,92.5,164.0
Discover,2023-03-01,191,4.58,105.2,173.0
Discover,2023-04-01,129,3.72,71.0,162.7
Discover,2023-05-01,159,4.12,87.6,159.7
Discover,2023-06-01,198,4.61,109.0,162.0
Discover,2023-07-01,175,3.58,96.4,177.3
Discover,2023-08-01,198,3.64,109.0,190.3
Discover,2023-09-01,175,3.56,96.4,182.7
Discover,2023-10-01,230,3.96,126.7,201.0
Discover,2023-11-01,198,3.84,109.0,201.0
Discover,2023-12-01,198,4.15,109.0,208.7
Discover,2024-01-01,177,3.37,97.5,191.0
Discover,2024-02-01,215,4.15,118.4,196.7
Discover,2024-03-01,217,3.68,119.5,203.0
Discover,2024-04-01,176,2.64,96.9,202.7
Discover,2024-05-01,174,2.57,95.8,189.0
Discover,2024-06-01,181,3.27,99.7,177.0
Discover,2024-07-01,168,2.71,92.5,174.3
Discover,2024-08-01,198,2.69,109.0,182.3
Discover,2024-09-01,229,3.19,126.1,198.3
Discover,2024-10-01,202,2.81,111.2,209.7
Discover,2024-11-01,165,2.71,90.9,198.7
Discover,2024-12-01,200,2.99,110.1,189.0
Discover,2025-01-01,268,2.95,147.6,211.0
Discover,2025-02-01,207,3.33,114.0,225.0
Discover,2025-03-01,196,3.13,107.9,223.7
Discover,2025-04-01,217,3.15,119.5,206.7
Discover,2025-05-01,227,3.02,125.0,213.3
Discover,2025-06-01,242,3.29,133.3,228.7
Discover,2025-07-01,275,3.39,151.4,248.0
Discover,2025-08-01,238,3.01,131.1,251.7
Discover,2025-09-01,235,2.76,129.4,249.3
Discover,2025-10-01,190,2.56,104.6,221.0
Discover,2025-11-01,239,3.48,131.6,221.3
Discover,2025-12-01,296,3.77,163.0,241.7
Discover,2026-01-01,328,3.45,180.6,287.7
Discover,2026-02-01,251,3.39,138.2,291.7
Discover,2026-03-01,227,2.73,125.0,268.7
Synchrony,2023-01-01,294,7.37,94.0,294.0
Synchrony,2023-02-01,295,8.07,94.3,294.5
Synchrony,2023-03-01,318,7.63,101.7,302.3
Synchrony,2023-04-01,252,7.27,80.6,288.3
Synchrony,2023-05-01,311,8.07,99.4,293.7
Synchrony,2023-06-01,310,7.22,99.1,291.0
Synchrony,2023-07-01,291,5.95,93.0,304.0
Synchrony,2023-08-01,327,6.02,104.6,309.3
Synchrony,2023-09-01,308,6.26,98.5,308.7
Synchrony,2023-10-01,356,6.13,113.8,330.3
Synchrony,2023-11-01,352,6.83,112.5,338.7
Synchrony,2023-12-01,339,7.1,108.4,349.0
Synchrony,2024-01-01,369,7.03,118.0,353.3
Synchrony,2024-02-01,397,7.66,126.9,368.3
Synchrony,2024-03-01,436,7.4,139.4,400.7
Synchrony,2024-04-01,496,7.43,158.6,443.0
Synchrony,2024-05-01,544,8.05,173.9,492.0
Synchrony,2024-06-01,386,6.97,123.4,475.3
Synchrony,2024-07-01,455,7.35,145.5,461.7
Synchrony,2024-08-01,494,6.72,158.0,445.0
Synchrony,2024-09-01,423,5.89,135.3,457.3
Synchrony,2024-10-01,457,6.37,146.1,458.0
Synchrony,2024-11-01,424,6.96,135.6,434.7
Synchrony,2024-12-01,420,6.27,134.3,433.7
Synchrony,2025-01-01,529,5.83,169.1,457.7
Synchrony,2025-02-01,432,6.95,138.1,460.3
Synchrony,2025-03-01,450,7.19,143.9,470.3
Synchrony,2025-04-01,430,6.23,137.5,437.3
Synchrony,2025-05-01,511,6.8,163.4,463.7
Synchrony,2025-06-01,507,6.88,162.1,482.7
Synchrony,2025-07-01,600,7.4,191.8,539.3
Synchrony,2025-08-01,535,6.76,171.1,547.3
Synchrony,2025-09-01,610,7.17,195.0,581.7
Synchrony,2025-10-01,559,7.54,178.7,568.0
Synchrony,2025-11-01,633,9.23,202.4,600.7
Synchrony,2025-12-01,774,9.85,247.5,655.3
Synchrony,2026-01-01,962,10.11,307.6,789.7
Synchrony,2026-02-01,725,9.8,231.8,820.3
Synchrony,2026-03-01,765,9.19,244.6,817.3
Synchrony,2026-04-01,770,9.36,246.2,753.3
Synchrony,2026-05-01,776,9.8,248.1,770.3
Synchrony,2026-06-01,743,9.97,237.6,763.0
Synchrony,2026-07-01,760,9.47,243.0,759.7
Synchrony,2026-08-01,857,10.72,274.0,786.7
