issuer,issue,complaints,share_pct,peers_share_pct,diff_vs_peers_pts,index_vs_peers
American Express,Problem with a purchase shown on your statement,4287,26.99,30.49,-3.49,0.89
American Express,"Other features, terms, or problems",2561,16.13,12.68,3.44,1.27
American Express,Getting a credit card,2104,13.25,11.97,1.28,1.11
American Express,Fees or interest,1682,10.59,10.99,-0.4,0.96
American Express,"Advertising and marketing, including promotional offers",1512,9.52,4.75,4.77,2.0
American Express,Closing your account,1080,6.8,8.53,-1.72,0.8
American Express,Trouble using your card,919,5.79,4.22,1.57,1.37
American Express,Problem when making payments,639,4.02,6.68,-2.66,0.6
American Express,Incorrect information on your report,548,3.45,4.69,-1.24,0.74
American Express,Problem with a company's investigation into an existing problem,260,1.64,1.95,-0.31,0.84
American Express,Struggling to pay your bill,157,0.99,1.48,-0.49,0.67
American Express,Improper use of your report,82,0.52,1.02,-0.51,0.51
American Express,Credit monitoring or identity theft protection services,23,0.14,0.26,-0.11,0.56
American Express,Problem with a credit reporting company's investigation into an existing problem,15,0.09,0.13,-0.04,0.73
American Express,Problem with fraud alerts or security freezes,8,0.05,0.11,-0.06,0.46
American Express,Unable to get your credit report or credit score,4,0.03,0.06,-0.03,0.44
Bank of America,Problem with a purchase shown on your statement,5576,37.07,29.28,7.79,1.27
Bank of America,"Other features, terms, or problems",1906,12.67,13.11,-0.44,0.97
Bank of America,Getting a credit card,1559,10.36,12.32,-1.95,0.84
Bank of America,Problem when making payments,1371,9.11,6.07,3.05,1.5
Bank of America,Fees or interest,1216,8.08,11.28,-3.2,0.72
Bank of America,Closing your account,1037,6.89,8.5,-1.61,0.81
Bank of America,Incorrect information on your report,740,4.92,4.51,0.41,1.09
Bank of America,Trouble using your card,444,2.95,4.56,-1.61,0.65
Bank of America,"Advertising and marketing, including promotional offers",414,2.75,5.58,-2.83,0.49
Bank of America,Problem with a company's investigation into an existing problem,393,2.61,1.83,0.78,1.43
Bank of America,Struggling to pay your bill,222,1.48,1.42,0.06,1.04
Bank of America,Improper use of your report,94,0.62,1.01,-0.38,0.62
Bank of America,Credit monitoring or identity theft protection services,33,0.22,0.25,-0.03,0.89
Bank of America,Problem with a credit reporting company's investigation into an existing problem,17,0.11,0.13,-0.01,0.88
Bank of America,Problem with fraud alerts or security freezes,14,0.09,0.11,-0.01,0.89
Bank of America,Unable to get your credit report or credit score,7,0.05,0.05,-0.01,0.85
Capital One,Problem with a purchase shown on your statement,8001,24.46,31.78,-7.32,0.77
Capital One,Getting a credit card,4858,14.85,11.3,3.55,1.31
Capital One,"Other features, terms, or problems",4077,12.46,13.25,-0.79,0.94
Capital One,Fees or interest,3318,10.14,11.18,-1.04,0.91
Capital One,Closing your account,3051,9.33,8.04,1.29,1.16
Capital One,Incorrect information on your report,2103,6.43,3.99,2.44,1.61
Capital One,Problem when making payments,2021,6.18,6.45,-0.27,0.96
Capital One,Trouble using your card,1603,4.9,4.24,0.66,1.16
Capital One,"Advertising and marketing, including promotional offers",1356,4.15,5.62,-1.47,0.74
Capital One,Problem with a company's investigation into an existing problem,777,2.38,1.77,0.6,1.34
Capital One,Struggling to pay your bill,708,2.16,1.21,0.96,1.8
Capital One,Improper use of your report,554,1.69,0.75,0.94,2.26
Capital One,Credit monitoring or identity theft protection services,132,0.4,0.2,0.21,2.04
Capital One,Problem with a credit reporting company's investigation into an existing problem,64,0.2,0.11,0.09,1.85
Capital One,Problem with fraud alerts or security freezes,57,0.17,0.08,0.09,2.1
Capital One,Unable to get your credit report or credit score,33,0.1,0.04,0.06,2.52
Chase,Problem with a purchase shown on your statement,6622,32.28,29.73,2.55,1.09
Chase,"Other features, terms, or problems",3683,17.96,12.25,5.71,1.47
Chase,Getting a credit card,2834,13.82,11.83,1.99,1.17
Chase,Closing your account,1525,7.43,8.48,-1.05,0.88
Chase,"Advertising and marketing, including promotional offers",1493,7.28,4.95,2.33,1.47
Chase,Fees or interest,1334,6.5,11.69,-5.19,0.56
Chase,Incorrect information on your report,800,3.9,4.66,-0.76,0.84
Chase,Problem when making payments,796,3.88,6.81,-2.93,0.57
Chase,Trouble using your card,595,2.9,4.64,-1.74,0.62
Chase,Problem with a company's investigation into an existing problem,309,1.51,1.98,-0.47,0.76
Chase,Struggling to pay your bill,250,1.22,1.46,-0.24,0.83
Chase,Improper use of your report,192,0.94,0.97,-0.04,0.96
Chase,Credit monitoring or identity theft protection services,43,0.21,0.25,-0.04,0.84
Chase,Problem with fraud alerts or security freezes,15,0.07,0.11,-0.04,0.67
Chase,Problem with a credit reporting company's investigation into an existing problem,13,0.06,0.14,-0.07,0.46
Chase,Unable to get your credit report or credit score,8,0.04,0.06,-0.02,0.69
Citi,Problem with a purchase shown on your statement,10304,36.42,28.53,7.89,1.28
Citi,"Other features, terms, or problems",3476,12.29,13.26,-0.98,0.93
Citi,Fees or interest,3128,11.06,10.92,0.14,1.01
Citi,Getting a credit card,2662,9.41,12.78,-3.37,0.74
Citi,Closing your account,2178,7.7,8.49,-0.79,0.91
Citi,Problem when making payments,1837,6.49,6.36,0.13,1.02
Citi,Trouble using your card,1437,5.08,4.22,0.86,1.2
Citi,"Advertising and marketing, including promotional offers",1377,4.87,5.38,-0.52,0.9
Citi,Incorrect information on your report,908,3.21,4.88,-1.67,0.66
Citi,Problem with a company's investigation into an existing problem,454,1.6,1.99,-0.38,0.81
Citi,Struggling to pay your bill,249,0.88,1.56,-0.68,0.56
Citi,Improper use of your report,162,0.57,1.06,-0.49,0.54
Citi,Credit monitoring or identity theft protection services,55,0.19,0.26,-0.06,0.76
Citi,Problem with a credit reporting company's investigation into an existing problem,31,0.11,0.13,-0.02,0.84
Citi,Problem with fraud alerts or security freezes,24,0.08,0.11,-0.02,0.78
Citi,Unable to get your credit report or credit score,10,0.04,0.06,-0.02,0.6
Discover,Problem with a purchase shown on your statement,2934,36.15,29.73,6.41,1.22
Discover,Getting a credit card,1037,12.78,12.07,0.7,1.06
Discover,"Other features, terms, or problems",798,9.83,13.26,-3.43,0.74
Discover,Closing your account,716,8.82,8.3,0.52,1.06
Discover,Incorrect information on your report,666,8.21,4.33,3.87,1.89
Discover,Fees or interest,481,5.93,11.25,-5.32,0.53
Discover,Problem when making payments,471,5.8,6.42,-0.62,0.9
Discover,Trouble using your card,239,2.94,4.48,-1.53,0.66
Discover,Struggling to pay your bill,228,2.81,1.34,1.47,2.09
Discover,Problem with a company's investigation into an existing problem,215,2.65,1.87,0.78,1.42
Discover,"Advertising and marketing, including promotional offers",157,1.93,5.48,-3.55,0.35
Discover,Improper use of your report,115,1.42,0.94,0.48,1.51
Discover,Credit monitoring or identity theft protection services,25,0.31,0.24,0.07,1.28
Discover,Problem with a credit reporting company's investigation into an existing problem,20,0.25,0.12,0.13,2.07
Discover,Problem with fraud alerts or security freezes,10,0.12,0.1,0.02,1.2
Discover,Unable to get your credit report or credit score,5,0.06,0.05,0.01,1.15
Synchrony,Problem with a purchase shown on your statement,5178,23.56,31.29,-7.74,0.75
Synchrony,Fees or interest,4441,20.2,9.26,10.95,2.18
Synchrony,Closing your account,2291,10.42,7.95,2.47,1.31
Synchrony,Getting a credit card,2210,10.05,12.49,-2.43,0.81
Synchrony,"Other features, terms, or problems",2126,9.67,13.69,-4.02,0.71
Synchrony,Problem when making payments,1969,8.96,5.92,3.04,1.51
Synchrony,"Advertising and marketing, including promotional offers",1219,5.55,5.23,0.31,1.06
Synchrony,Trouble using your card,1023,4.65,4.34,0.31,1.07
Synchrony,Incorrect information on your report,723,3.29,4.78,-1.49,0.69
Synchrony,Problem with a company's investigation into an existing problem,318,1.45,2.0,-0.55,0.72
Synchrony,Struggling to pay your bill,218,0.99,1.5,-0.51,0.66
Synchrony,Improper use of your report,178,0.81,0.99,-0.18,0.81
Synchrony,Credit monitoring or identity theft protection services,38,0.17,0.26,-0.09,0.67
Synchrony,Problem with a credit reporting company's investigation into an existing problem,20,0.09,0.13,-0.04,0.69
Synchrony,Problem with fraud alerts or security freezes,20,0.09,0.11,-0.02,0.86
Synchrony,Unable to get your credit report or credit score,10,0.05,0.06,-0.01,0.82
