issuer,year,complaints,not_timely,timely_pct
American Express,2023,3192,0,100.0
American Express,2024,3950,1,99.97
American Express,2025,4714,51,98.92
American Express,2026,4025,30,99.25
Bank of America,2023,3165,107,96.62
Bank of America,2024,3381,36,98.94
Bank of America,2025,4142,20,99.52
Bank of America,2026,4355,29,99.33
Capital One,2023,6174,0,100.0
Capital One,2024,7058,2,99.97
Capital One,2025,9923,1,99.99
Capital One,2026,9558,0,100.0
Chase,2023,4431,0,100.0
Chase,2024,5276,0,100.0
Chase,2025,5951,0,100.0
Chase,2026,4854,0,100.0
Citi,2023,4661,0,100.0
Citi,2024,6685,0,100.0
Citi,2025,8620,0,100.0
Citi,2026,8326,0,100.0
Discover,2023,2179,0,100.0
Discover,2024,2302,0,100.0
Discover,2025,2830,0,100.0
Discover,2026,806,0,100.0
Synchrony,2023,3753,0,100.0
Synchrony,2024,5301,0,100.0
Synchrony,2025,6570,29,99.56
Synchrony,2026,6358,321,94.95
