issuer,month,complaints,value_complaints,fees,rewards,promo_terms,confusing_advertising,value_share_pct
American Express,2023-01-01,201,68,27,17,18,6,33.83
American Express,2023-02-01,206,64,19,19,18,8,31.07
American Express,2023-03-01,254,58,21,17,17,3,22.83
American Express,2023-04-01,203,52,18,17,11,6,25.62
American Express,2023-05-01,270,79,20,21,24,14,29.26
American Express,2023-06-01,264,75,23,16,28,8,28.41
American Express,2023-07-01,276,67,22,13,23,9,24.28
American Express,2023-08-01,255,69,28,16,18,7,27.06
American Express,2023-09-01,279,64,20,16,23,5,22.94
American Express,2023-10-01,318,65,24,18,19,4,20.44
American Express,2023-11-01,317,72,18,26,18,10,22.71
American Express,2023-12-01,349,74,23,14,26,11,21.2
American Express,2024-01-01,388,72,22,16,29,5,18.56
American Express,2024-02-01,376,74,21,16,21,16,19.68
American Express,2024-03-01,391,56,23,10,14,9,14.32
American Express,2024-04-01,388,74,37,6,26,5,19.07
American Express,2024-05-01,308,80,27,18,28,7,25.97
American Express,2024-06-01,260,48,24,6,13,5,18.46
American Express,2024-07-01,307,71,20,19,22,10,23.13
American Express,2024-08-01,313,57,20,14,15,8,18.21
American Express,2024-09-01,304,76,25,22,17,12,25.0
American Express,2024-10-01,301,61,21,16,17,7,20.27
American Express,2024-11-01,301,71,28,14,20,9,23.59
American Express,2024-12-01,313,74,26,18,23,7,23.64
American Express,2025-01-01,437,106,28,33,34,11,24.26
American Express,2025-02-01,336,73,26,21,18,8,21.73
American Express,2025-03-01,313,83,28,19,26,10,26.52
American Express,2025-04-01,338,73,23,19,27,4,21.6
American Express,2025-05-01,426,103,40,28,27,8,24.18
American Express,2025-06-01,429,105,31,23,37,14,24.48
American Express,2025-07-01,413,109,27,30,43,9,26.39
American Express,2025-08-01,372,90,29,32,24,5,24.19
American Express,2025-09-01,409,85,28,22,27,8,20.78
American Express,2025-10-01,433,91,19,32,28,12,21.02
American Express,2025-11-01,383,81,25,24,21,11,21.15
American Express,2025-12-01,425,76,26,16,21,13,17.88
American Express,2026-01-01,507,104,28,35,28,13,20.51
American Express,2026-02-01,422,103,25,43,25,10,24.41
American Express,2026-03-01,523,125,31,42,41,11,23.9
American Express,2026-04-01,577,121,20,40,45,16,20.97
American Express,2026-05-01,503,113,29,35,41,8,22.47
American Express,2026-06-01,469,121,34,45,30,12,25.8
American Express,2026-07-01,527,150,45,44,50,11,28.46
American Express,2026-08-01,497,112,34,32,33,13,22.54
Bank of America,2023-01-01,246,15,8,4,2,1,6.1
Bank of America,2023-02-01,222,23,14,2,5,2,10.36
Bank of America,2023-03-01,298,29,16,6,2,5,9.73
Bank of America,2023-04-01,229,27,17,0,5,5,11.79
Bank of America,2023-05-01,202,24,9,8,5,2,11.88
Bank of America,2023-06-01,220,22,13,0,5,4,10.0
Bank of America,2023-07-01,413,112,50,39,19,4,27.12
Bank of America,2023-08-01,301,55,19,19,9,8,18.27
Bank of America,2023-09-01,247,36,15,13,7,1,14.57
Bank of America,2023-10-01,295,32,16,8,6,2,10.85
Bank of America,2023-11-01,250,30,13,8,6,3,12.0
Bank of America,2023-12-01,242,29,8,10,6,5,11.98
Bank of America,2024-01-01,296,38,13,7,12,6,12.84
Bank of America,2024-02-01,307,37,21,5,7,4,12.05
Bank of America,2024-03-01,294,29,19,4,2,4,9.86
Bank of America,2024-04-01,273,33,22,6,3,2,12.09
Bank of America,2024-05-01,237,22,13,2,3,4,9.28
Bank of America,2024-06-01,228,20,10,4,4,2,8.77
Bank of America,2024-07-01,295,34,15,8,7,4,11.53
Bank of America,2024-08-01,293,26,10,4,8,4,8.87
Bank of America,2024-09-01,288,20,7,9,4,0,6.94
Bank of America,2024-10-01,281,30,10,11,5,4,10.68
Bank of America,2024-11-01,287,32,13,9,5,5,11.15
Bank of America,2024-12-01,302,30,15,7,2,6,9.93
Bank of America,2025-01-01,346,36,15,7,8,6,10.4
Bank of America,2025-02-01,329,29,12,10,5,2,8.81
Bank of America,2025-03-01,334,29,16,8,2,3,8.68
Bank of America,2025-04-01,279,25,10,8,5,2,8.96
Bank of America,2025-05-01,329,36,19,10,4,3,10.94
Bank of America,2025-06-01,314,32,16,7,1,8,10.19
Bank of America,2025-07-01,350,32,16,7,7,2,9.14
Bank of America,2025-08-01,351,25,12,8,3,2,7.12
Bank of America,2025-09-01,346,26,14,7,4,1,7.51
Bank of America,2025-10-01,319,31,15,4,6,6,9.72
Bank of America,2025-11-01,356,40,23,9,4,4,11.24
Bank of America,2025-12-01,489,54,27,13,11,3,11.04
Bank of America,2026-01-01,568,50,27,9,10,4,8.8
Bank of America,2026-02-01,488,38,20,7,9,2,7.79
Bank of America,2026-03-01,559,49,27,11,5,6,8.77
Bank of America,2026-04-01,562,45,22,13,3,7,8.01
Bank of America,2026-05-01,552,55,32,15,4,4,9.96
Bank of America,2026-06-01,520,50,22,18,5,5,9.62
Bank of America,2026-07-01,538,48,24,15,5,4,8.92
Bank of America,2026-08-01,568,64,29,22,8,5,11.27
Capital One,2023-01-01,486,77,37,20,12,8,15.84
Capital One,2023-02-01,507,88,48,10,17,13,17.36
Capital One,2023-03-01,568,84,49,7,17,11,14.79
Capital One,2023-04-01,443,56,31,8,13,4,12.64
Capital One,2023-05-01,446,62,32,8,12,10,13.9
Capital One,2023-06-01,487,72,39,8,10,15,14.78
Capital One,2023-07-01,513,88,50,12,17,9,17.15
Capital One,2023-08-01,535,69,35,12,12,10,12.9
Capital One,2023-09-01,481,59,35,5,14,5,12.27
Capital One,2023-10-01,588,71,32,11,15,13,12.07
Capital One,2023-11-01,531,78,29,22,16,11,14.69
Capital One,2023-12-01,589,70,36,17,8,9,11.88
Capital One,2024-01-01,585,81,41,23,8,9,13.85
Capital One,2024-02-01,605,75,39,16,16,4,12.4
Capital One,2024-03-01,631,82,42,17,9,14,13.0
Capital One,2024-04-01,595,84,46,16,14,8,14.12
Capital One,2024-05-01,572,81,42,11,13,15,14.16
Capital One,2024-06-01,519,85,50,18,6,11,16.38
Capital One,2024-07-01,565,86,44,15,18,9,15.22
Capital One,2024-08-01,592,84,49,13,13,9,14.19
Capital One,2024-09-01,620,88,52,18,11,7,14.19
Capital One,2024-10-01,591,69,32,17,10,10,11.68
Capital One,2024-11-01,573,83,43,15,17,8,14.49
Capital One,2024-12-01,610,70,30,20,14,6,11.48
Capital One,2025-01-01,992,144,79,27,20,18,14.52
Capital One,2025-02-01,684,109,50,33,12,14,15.94
Capital One,2025-03-01,746,97,46,23,14,14,13.0
Capital One,2025-04-01,744,93,39,28,15,11,12.5
Capital One,2025-05-01,774,119,59,24,19,17,15.37
Capital One,2025-06-01,836,105,42,25,26,12,12.56
Capital One,2025-07-01,886,102,54,23,15,10,11.51
Capital One,2025-08-01,838,106,44,33,16,13,12.65
Capital One,2025-09-01,853,103,37,29,21,16,12.08
Capital One,2025-10-01,747,103,54,18,18,13,13.79
Capital One,2025-11-01,829,134,64,32,20,18,16.16
Capital One,2025-12-01,994,148,79,36,18,15,14.89
Capital One,2026-01-01,1150,171,70,49,34,18,14.87
Capital One,2026-02-01,937,158,71,51,19,17,16.86
Capital One,2026-03-01,1104,140,57,42,29,12,12.68
Capital One,2026-04-01,1307,188,63,60,38,27,14.38
Capital One,2026-05-01,1235,158,62,47,26,23,12.79
Capital One,2026-06-01,1126,145,49,49,29,18,12.88
Capital One,2026-07-01,1331,190,56,60,52,22,14.27
Capital One,2026-08-01,1368,200,73,60,43,24,14.62
Chase,2023-01-01,332,60,13,18,16,13,18.07
Chase,2023-02-01,281,47,11,17,14,5,16.73
Chase,2023-03-01,313,46,11,20,9,6,14.7
Chase,2023-04-01,258,43,11,13,13,6,16.67
Chase,2023-05-01,273,46,7,18,14,7,16.85
Chase,2023-06-01,335,55,21,15,15,4,16.42
Chase,2023-07-01,350,59,16,18,15,10,16.86
Chase,2023-08-01,432,68,22,29,9,8,15.74
Chase,2023-09-01,390,67,23,14,22,8,17.18
Chase,2023-10-01,585,73,24,19,22,8,12.48
Chase,2023-11-01,467,64,22,21,14,7,13.7
Chase,2023-12-01,415,67,12,26,22,7,16.14
Chase,2024-01-01,450,70,16,19,22,13,15.56
Chase,2024-02-01,374,58,16,22,15,5,15.51
Chase,2024-03-01,482,78,24,23,17,14,16.18
Chase,2024-04-01,454,54,14,22,11,7,11.89
Chase,2024-05-01,430,73,14,20,31,8,16.98
Chase,2024-06-01,460,75,21,14,34,6,16.3
Chase,2024-07-01,446,72,15,22,27,8,16.14
Chase,2024-08-01,442,57,13,21,16,7,12.9
Chase,2024-09-01,440,67,11,26,22,8,15.23
Chase,2024-10-01,453,65,17,21,17,10,14.35
Chase,2024-11-01,408,77,15,27,27,8,18.87
Chase,2024-12-01,437,71,10,29,25,7,16.25
Chase,2025-01-01,521,102,20,30,41,11,19.58
Chase,2025-02-01,433,76,21,31,18,6,17.55
Chase,2025-03-01,459,85,14,31,33,7,18.52
Chase,2025-04-01,423,61,15,24,16,6,14.42
Chase,2025-05-01,471,88,14,36,25,13,18.68
Chase,2025-06-01,501,87,20,33,23,11,17.37
Chase,2025-07-01,527,95,21,37,25,12,18.03
Chase,2025-08-01,488,88,16,34,31,7,18.03
Chase,2025-09-01,508,83,12,38,27,6,16.34
Chase,2025-10-01,465,109,19,54,19,17,23.44
Chase,2025-11-01,513,80,21,33,17,9,15.59
Chase,2025-12-01,642,135,28,52,40,15,21.03
Chase,2026-01-01,696,137,20,64,42,11,19.68
Chase,2026-02-01,566,132,22,66,30,14,23.32
Chase,2026-03-01,615,130,14,53,46,17,21.14
Chase,2026-04-01,588,110,18,49,33,10,18.71
Chase,2026-05-01,582,153,25,73,40,15,26.29
Chase,2026-06-01,578,131,23,60,38,10,22.66
Chase,2026-07-01,597,142,33,60,34,15,23.79
Chase,2026-08-01,632,151,25,62,53,11,23.89
Citi,2023-01-01,339,46,22,11,9,4,13.57
Citi,2023-02-01,326,36,13,7,6,10,11.04
Citi,2023-03-01,401,67,29,18,13,7,16.71
Citi,2023-04-01,331,37,18,4,9,6,11.18
Citi,2023-05-01,350,57,25,11,14,7,16.29
Citi,2023-06-01,383,51,22,7,15,7,13.32
Citi,2023-07-01,396,54,19,10,15,10,13.64
Citi,2023-08-01,421,52,21,11,12,8,12.35
Citi,2023-09-01,422,43,17,3,14,9,10.19
Citi,2023-10-01,461,54,31,12,6,5,11.71
Citi,2023-11-01,431,60,23,10,17,10,13.92
Citi,2023-12-01,400,52,28,15,5,4,13.0
Citi,2024-01-01,460,76,29,18,21,8,16.52
Citi,2024-02-01,443,54,21,9,15,9,12.19
Citi,2024-03-01,543,82,44,13,15,10,15.1
Citi,2024-04-01,598,98,38,14,26,20,16.39
Citi,2024-05-01,581,71,31,12,16,12,12.22
Citi,2024-06-01,543,75,30,21,16,8,13.81
Citi,2024-07-01,599,73,32,13,21,7,12.19
Citi,2024-08-01,603,88,37,9,28,14,14.59
Citi,2024-09-01,582,93,52,13,18,10,15.98
Citi,2024-10-01,579,78,28,17,22,11,13.47
Citi,2024-11-01,542,68,35,12,14,7,12.55
Citi,2024-12-01,612,92,41,20,16,15,15.03
Citi,2025-01-01,754,105,50,17,25,13,13.93
Citi,2025-02-01,599,83,30,27,14,12,13.86
Citi,2025-03-01,579,82,36,21,17,8,14.16
Citi,2025-04-01,598,74,31,16,15,12,12.37
Citi,2025-05-01,685,92,39,13,13,27,13.43
Citi,2025-06-01,654,73,42,6,15,10,11.16
Citi,2025-07-01,723,87,39,16,18,14,12.03
Citi,2025-08-01,677,84,36,16,22,10,12.41
Citi,2025-09-01,793,116,48,15,33,20,14.63
Citi,2025-10-01,749,89,39,17,21,12,11.88
Citi,2025-11-01,824,99,46,24,23,6,12.01
Citi,2025-12-01,985,139,75,29,22,13,14.11
Citi,2026-01-01,1068,138,55,37,29,17,12.92
Citi,2026-02-01,900,133,65,34,24,10,14.78
Citi,2026-03-01,988,140,69,32,28,11,14.17
Citi,2026-04-01,1069,154,59,39,36,20,14.41
Citi,2026-05-01,1021,144,71,32,25,16,14.1
Citi,2026-06-01,1087,171,93,30,31,17,15.73
Citi,2026-07-01,1116,214,98,48,48,20,19.18
Citi,2026-08-01,1077,199,87,43,44,25,18.48
Discover,2023-01-01,160,11,4,0,1,6,6.88
Discover,2023-02-01,168,7,4,1,1,1,4.17
Discover,2023-03-01,191,11,6,2,0,3,5.76
Discover,2023-04-01,129,7,3,0,0,4,5.43
Discover,2023-05-01,159,13,8,1,1,3,8.18
Discover,2023-06-01,198,9,5,2,1,1,4.55
Discover,2023-07-01,175,12,3,2,4,3,6.86
Discover,2023-08-01,198,9,4,0,2,3,4.55
Discover,2023-09-01,175,7,5,1,0,1,4.0
Discover,2023-10-01,230,8,5,1,0,2,3.48
Discover,2023-11-01,198,11,5,1,3,2,5.56
Discover,2023-12-01,198,14,6,3,3,2,7.07
Discover,2024-01-01,177,7,2,2,2,1,3.95
Discover,2024-02-01,215,10,7,1,0,2,4.65
Discover,2024-03-01,217,11,7,0,2,2,5.07
Discover,2024-04-01,176,9,5,0,0,4,5.11
Discover,2024-05-01,174,14,12,0,1,1,8.05
Discover,2024-06-01,181,8,5,0,2,1,4.42
Discover,2024-07-01,168,17,9,0,5,3,10.12
Discover,2024-08-01,198,14,12,0,1,1,7.07
Discover,2024-09-01,229,10,4,3,2,1,4.37
Discover,2024-10-01,202,10,3,0,2,5,4.95
Discover,2024-11-01,165,5,4,1,0,0,3.03
Discover,2024-12-01,200,15,9,1,4,1,7.5
Discover,2025-01-01,268,18,7,4,4,3,6.72
Discover,2025-02-01,207,16,9,0,2,5,7.73
Discover,2025-03-01,196,11,6,2,1,2,5.61
Discover,2025-04-01,217,9,6,0,1,2,4.15
Discover,2025-05-01,227,11,5,1,2,3,4.85
Discover,2025-06-01,242,15,11,1,1,2,6.2
Discover,2025-07-01,275,11,6,0,2,3,4.0
Discover,2025-08-01,238,10,6,1,1,2,4.2
Discover,2025-09-01,235,10,9,0,0,1,4.26
Discover,2025-10-01,190,11,6,2,3,0,5.79
Discover,2025-11-01,239,12,7,0,2,3,5.02
Discover,2025-12-01,296,16,9,1,2,4,5.41
Discover,2026-01-01,328,22,15,1,3,3,6.71
Discover,2026-02-01,251,16,5,2,5,4,6.37
Discover,2026-03-01,227,9,7,1,0,1,3.96
Synchrony,2023-01-01,294,27,15,4,3,5,9.18
Synchrony,2023-02-01,295,33,19,2,2,10,11.19
Synchrony,2023-03-01,318,33,19,3,3,8,10.38
Synchrony,2023-04-01,252,27,15,2,5,5,10.71
Synchrony,2023-05-01,311,37,22,4,6,5,11.9
Synchrony,2023-06-01,310,35,18,6,1,10,11.29
Synchrony,2023-07-01,291,36,15,2,7,12,12.37
Synchrony,2023-08-01,327,44,17,4,8,15,13.46
Synchrony,2023-09-01,308,47,16,2,12,17,15.26
Synchrony,2023-10-01,356,44,16,12,7,9,12.36
Synchrony,2023-11-01,352,65,31,8,11,15,18.47
Synchrony,2023-12-01,339,49,17,7,12,13,14.45
Synchrony,2024-01-01,369,62,39,3,7,13,16.8
Synchrony,2024-02-01,397,64,50,6,1,7,16.12
Synchrony,2024-03-01,436,63,35,8,9,11,14.45
Synchrony,2024-04-01,496,89,51,16,9,13,17.94
Synchrony,2024-05-01,544,117,87,6,15,9,21.51
Synchrony,2024-06-01,386,90,69,4,10,7,23.32
Synchrony,2024-07-01,455,91,69,4,10,8,20.0
Synchrony,2024-08-01,494,113,80,5,11,17,22.87
Synchrony,2024-09-01,423,90,73,5,4,8,21.28
Synchrony,2024-10-01,457,91,70,6,5,10,19.91
Synchrony,2024-11-01,424,87,61,9,6,11,20.52
Synchrony,2024-12-01,420,83,55,6,8,14,19.76
Synchrony,2025-01-01,529,106,76,6,7,17,20.04
Synchrony,2025-02-01,432,72,46,9,6,11,16.67
Synchrony,2025-03-01,450,93,69,4,7,13,20.67
Synchrony,2025-04-01,430,80,44,9,12,15,18.6
Synchrony,2025-05-01,511,82,46,7,11,18,16.05
Synchrony,2025-06-01,507,90,54,8,11,17,17.75
Synchrony,2025-07-01,600,104,66,8,12,18,17.33
Synchrony,2025-08-01,535,93,50,5,21,17,17.38
Synchrony,2025-09-01,610,93,58,4,10,21,15.25
Synchrony,2025-10-01,559,105,55,7,19,24,18.78
Synchrony,2025-11-01,633,102,59,10,13,20,16.11
Synchrony,2025-12-01,774,132,66,7,15,44,17.05
Synchrony,2026-01-01,962,174,88,9,21,56,18.09
Synchrony,2026-02-01,725,119,72,6,17,24,16.41
Synchrony,2026-03-01,765,129,71,6,20,32,16.86
Synchrony,2026-04-01,770,121,60,12,17,32,15.71
Synchrony,2026-05-01,776,144,85,7,14,38,18.56
Synchrony,2026-06-01,743,134,70,7,17,40,18.03
Synchrony,2026-07-01,760,131,72,12,16,31,17.24
Synchrony,2026-08-01,857,139,80,18,25,16,16.22
