issue,sub_issue,amex_complaints,amex_monetary_relief_pct,peers_complaints,peers_monetary_relief_pct
Problem with a purchase shown on your statement,Credit card company isn't resolving a dispute about a purchase on your statement,3446,27.2,28539,31.7
Getting a credit card,Application denied,1218,0.1,3411,0.2
Fees or interest,Problem with fees,1131,24.4,7797,38.7
"Advertising and marketing, including promotional offers",Didn't receive advertised or promotional terms,1112,9.0,3454,20.5
"Other features, terms, or problems",Other problem,1037,13.5,7377,14.8
"Other features, terms, or problems",Problem with rewards from credit card,999,11.5,3960,20.6
Closing your account,Company closed your account,927,5.8,8956,6.1
Problem with a purchase shown on your statement,Card was charged for something you did not purchase with the card,705,25.1,8090,36.1
Getting a credit card,Card opened without my consent or knowledge,580,0.5,8049,1.7
Problem when making payments,Problem during payment process,579,16.1,7349,21.8
Trouble using your card,Can't use card to make purchases,516,11.0,3415,5.4
Fees or interest,Charged too much interest,438,31.7,4239,26.8
"Advertising and marketing, including promotional offers",Confusing or misleading advertising about the credit card,396,7.1,2445,13.6
Trouble using your card,Credit card company won't increase or decrease your credit limit,387,1.3,1761,2.6
"Other features, terms, or problems",Problem with customer service,226,17.3,1661,17.5
Problem with a company's investigation into an existing problem,Their investigation did not fix an error on your report,180,2.8,1550,4.4
Incorrect information on your report,Account status incorrect,178,3.4,2048,4.0
Incorrect information on your report,Information belongs to someone else,167,0.0,1485,0.6
Incorrect information on your report,Account information incorrect,158,0.6,1837,2.6
Closing your account,Can't close your account,152,27.6,1674,18.8
Struggling to pay your bill,Credit card company won't work with you while you're going through financial hardship,133,1.5,1647,5.3
Problem with a purchase shown on your statement,Overcharged for something you did purchase with the card,123,38.2,1054,29.1
Getting a credit card,Card opened as result of identity theft or fraud,115,0.0,1344,1.9
"Other features, terms, or problems",Privacy issues,114,7.0,920,4.6
Fees or interest,Unexpected increase in interest rate,110,15.5,1583,19.5
