issuer,month,narratives,mentions_annual_fee,mentions_platinum,mentions_sapphire_reserve,mentions_statement_credit,mentions_lounge,mentions_platinum_and_annual_fee,mentions_sapphire_reserve_and_annual_fee
American Express,2023-01-01,114,18,9,0,2,1,3,0
American Express,2023-02-01,117,18,12,0,3,1,6,0
American Express,2023-03-01,137,13,16,0,4,0,5,0
American Express,2023-04-01,107,17,14,0,5,1,10,0
American Express,2023-05-01,157,20,12,0,3,1,2,0
American Express,2023-06-01,142,17,10,0,8,0,2,0
American Express,2023-07-01,151,12,18,0,3,1,6,0
American Express,2023-08-01,147,15,18,0,3,1,4,0
American Express,2023-09-01,154,13,5,0,2,0,3,0
American Express,2023-10-01,164,9,11,0,4,3,1,0
American Express,2023-11-01,169,7,9,0,5,0,1,0
American Express,2023-12-01,166,8,13,0,3,1,4,0
American Express,2024-01-01,208,13,14,0,3,1,3,0
American Express,2024-02-01,189,14,16,0,2,0,6,0
American Express,2024-03-01,197,11,13,0,0,0,3,0
American Express,2024-04-01,201,10,13,0,0,1,5,0
American Express,2024-05-01,176,16,13,0,6,0,5,0
American Express,2024-06-01,155,6,11,0,4,0,1,0
American Express,2024-07-01,168,15,14,0,4,0,4,0
American Express,2024-08-01,173,16,13,0,1,0,3,0
American Express,2024-09-01,158,12,9,0,6,0,0,0
American Express,2024-10-01,165,12,14,0,3,0,0,0
American Express,2024-11-01,154,17,13,0,3,4,2,0
American Express,2024-12-01,177,17,10,0,6,2,3,0
American Express,2025-01-01,264,16,17,0,14,1,4,0
American Express,2025-02-01,175,12,8,0,5,0,1,0
American Express,2025-03-01,181,20,12,0,6,0,3,0
American Express,2025-04-01,201,14,9,0,8,2,1,0
American Express,2025-05-01,259,43,19,0,6,1,7,0
American Express,2025-06-01,269,40,16,0,4,1,8,0
American Express,2025-07-01,246,25,14,1,6,2,3,0
American Express,2025-08-01,205,32,12,0,7,1,6,0
American Express,2025-09-01,212,15,10,0,9,1,1,0
American Express,2025-10-01,213,27,13,0,14,1,5,0
American Express,2025-11-01,214,28,11,0,5,2,5,0
American Express,2025-12-01,172,30,14,0,11,0,7,0
American Express,2026-01-01,216,19,12,0,13,1,5,0
American Express,2026-02-01,114,11,6,0,5,0,3,0
American Express,2026-03-01,218,14,6,0,5,0,1,0
American Express,2026-04-01,254,22,21,0,7,2,12,0
American Express,2026-05-01,191,19,11,0,12,1,4,0
American Express,2026-06-01,195,21,7,0,6,0,1,0
American Express,2026-07-01,104,14,5,0,7,0,1,0
Bank of America,2023-01-01,130,0,0,0,1,0,0,0
Bank of America,2023-02-01,122,3,2,0,3,0,0,0
Bank of America,2023-03-01,164,6,1,0,1,0,0,0
Bank of America,2023-04-01,115,0,2,0,3,0,0,0
Bank of America,2023-05-01,110,3,1,0,0,0,0,0
Bank of America,2023-06-01,115,2,0,0,0,1,0,0
Bank of America,2023-07-01,240,3,1,0,3,0,0,0
Bank of America,2023-08-01,169,6,0,0,2,0,0,0
Bank of America,2023-09-01,137,1,1,0,3,0,0,0
Bank of America,2023-10-01,150,4,0,0,2,0,0,0
Bank of America,2023-11-01,130,5,0,0,0,0,0,0
Bank of America,2023-12-01,137,0,0,0,0,0,0,0
Bank of America,2024-01-01,152,5,0,0,0,0,0,0
Bank of America,2024-02-01,150,1,0,0,1,0,0,0
Bank of America,2024-03-01,145,1,0,0,1,0,0,0
Bank of America,2024-04-01,142,4,1,0,1,0,0,0
Bank of America,2024-05-01,117,4,1,0,1,1,0,0
Bank of America,2024-06-01,113,2,0,0,0,0,0,0
Bank of America,2024-07-01,167,1,0,0,1,0,0,0
Bank of America,2024-08-01,177,3,0,0,2,0,0,0
Bank of America,2024-09-01,158,0,1,0,5,1,0,0
Bank of America,2024-10-01,135,2,1,0,0,0,0,0
Bank of America,2024-11-01,169,1,0,0,1,0,0,0
Bank of America,2024-12-01,165,3,2,0,2,0,0,0
Bank of America,2025-01-01,200,2,3,0,1,1,0,0
Bank of America,2025-02-01,155,1,0,0,1,0,0,0
Bank of America,2025-03-01,181,0,0,0,0,0,0,0
Bank of America,2025-04-01,154,1,1,0,1,0,0,0
Bank of America,2025-05-01,183,2,1,0,2,0,0,0
Bank of America,2025-06-01,175,2,0,0,1,0,0,0
Bank of America,2025-07-01,191,0,2,0,1,0,0,0
Bank of America,2025-08-01,188,3,0,0,0,0,0,0
Bank of America,2025-09-01,185,0,0,0,0,0,0,0
Bank of America,2025-10-01,163,2,0,0,0,0,0,0
Bank of America,2025-11-01,172,1,0,0,0,0,0,0
Bank of America,2025-12-01,200,6,0,0,2,0,0,0
Bank of America,2026-01-01,214,5,0,0,4,1,0,0
Bank of America,2026-02-01,121,3,0,0,0,0,0,0
Bank of America,2026-03-01,220,4,1,0,2,0,0,0
Bank of America,2026-04-01,240,2,2,0,2,0,0,0
Bank of America,2026-05-01,206,6,0,0,0,0,0,0
Bank of America,2026-06-01,188,6,0,0,4,0,0,0
Bank of America,2026-07-01,130,2,1,0,1,0,0,0
Capital One,2023-01-01,266,8,3,0,2,0,0,0
Capital One,2023-02-01,281,8,3,0,2,0,0,0
Capital One,2023-03-01,320,8,7,0,0,0,0,0
Capital One,2023-04-01,260,10,4,0,1,0,0,0
Capital One,2023-05-01,246,7,4,0,1,0,0,0
Capital One,2023-06-01,271,6,3,0,1,0,0,0
Capital One,2023-07-01,297,8,2,0,3,0,0,0
Capital One,2023-08-01,306,8,2,0,0,0,0,0
Capital One,2023-09-01,277,6,4,0,2,1,0,0
Capital One,2023-10-01,324,11,5,0,3,0,0,0
Capital One,2023-11-01,262,7,4,0,0,0,0,0
Capital One,2023-12-01,329,9,4,0,0,1,0,0
Capital One,2024-01-01,300,8,10,0,1,0,1,0
Capital One,2024-02-01,329,9,1,0,1,0,0,0
Capital One,2024-03-01,337,3,9,0,1,1,0,0
Capital One,2024-04-01,299,5,4,0,0,0,0,0
Capital One,2024-05-01,332,6,1,0,2,0,0,0
Capital One,2024-06-01,287,5,2,0,1,0,0,0
Capital One,2024-07-01,296,11,2,0,0,1,0,0
Capital One,2024-08-01,304,7,3,0,2,0,0,0
Capital One,2024-09-01,349,5,1,0,0,1,0,0
Capital One,2024-10-01,322,6,6,0,2,0,0,0
Capital One,2024-11-01,315,7,3,0,2,1,0,0
Capital One,2024-12-01,357,6,6,0,1,2,0,0
Capital One,2025-01-01,562,10,6,0,2,0,0,0
Capital One,2025-02-01,377,9,4,0,2,1,0,0
Capital One,2025-03-01,398,5,6,0,2,0,0,0
Capital One,2025-04-01,405,8,2,0,1,1,0,0
Capital One,2025-05-01,458,18,8,0,2,0,0,0
Capital One,2025-06-01,476,8,3,0,2,11,0,0
Capital One,2025-07-01,528,10,6,0,1,0,0,0
Capital One,2025-08-01,508,12,5,0,4,0,0,0
Capital One,2025-09-01,460,9,1,0,2,0,0,0
Capital One,2025-10-01,392,13,2,0,2,0,0,0
Capital One,2025-11-01,489,14,5,0,0,1,0,0
Capital One,2025-12-01,400,5,6,0,0,1,0,0
Capital One,2026-01-01,463,9,7,0,3,1,1,0
Capital One,2026-02-01,238,11,3,0,5,1,0,0
Capital One,2026-03-01,455,10,6,0,8,0,0,0
Capital One,2026-04-01,582,10,0,0,5,2,0,0
Capital One,2026-05-01,459,17,3,0,2,2,0,0
Capital One,2026-06-01,421,6,5,0,3,1,0,0
Capital One,2026-07-01,224,4,0,0,5,1,0,0
Chase,2023-01-01,197,4,1,4,1,0,0,1
Chase,2023-02-01,170,3,0,5,3,0,0,1
Chase,2023-03-01,180,5,0,8,2,0,0,1
Chase,2023-04-01,141,5,0,6,1,0,0,1
Chase,2023-05-01,150,5,0,7,0,0,0,2
Chase,2023-06-01,187,9,0,5,2,2,0,1
Chase,2023-07-01,191,9,1,4,5,1,0,1
Chase,2023-08-01,252,6,0,8,1,0,0,2
Chase,2023-09-01,216,6,1,4,3,0,0,1
Chase,2023-10-01,298,8,5,6,2,1,0,2
Chase,2023-11-01,246,8,2,7,1,1,0,0
Chase,2023-12-01,266,4,0,1,3,0,0,0
Chase,2024-01-01,247,4,0,6,2,0,0,0
Chase,2024-02-01,212,9,0,3,6,1,0,0
Chase,2024-03-01,278,10,1,3,3,1,0,1
Chase,2024-04-01,247,4,0,8,2,2,0,1
Chase,2024-05-01,228,11,0,7,2,0,0,1
Chase,2024-06-01,267,10,1,7,4,0,0,1
Chase,2024-07-01,228,8,0,2,4,0,0,0
Chase,2024-08-01,252,10,1,6,5,0,0,0
Chase,2024-09-01,267,7,0,12,1,2,0,1
Chase,2024-10-01,245,5,0,5,3,1,0,0
Chase,2024-11-01,227,8,0,5,10,1,0,1
Chase,2024-12-01,253,4,0,7,4,2,0,1
Chase,2025-01-01,291,8,0,8,6,1,0,1
Chase,2025-02-01,236,15,0,8,5,2,0,2
Chase,2025-03-01,260,7,0,7,5,1,0,1
Chase,2025-04-01,224,7,1,5,4,0,0,0
Chase,2025-05-01,253,10,0,10,6,0,0,2
Chase,2025-06-01,288,15,0,16,1,1,0,5
Chase,2025-07-01,275,5,0,11,2,1,0,0
Chase,2025-08-01,274,8,0,17,4,0,0,1
Chase,2025-09-01,297,9,0,12,5,0,0,4
Chase,2025-10-01,234,20,0,16,6,1,0,2
Chase,2025-11-01,283,18,0,9,6,1,0,5
Chase,2025-12-01,239,12,0,15,7,4,0,0
Chase,2026-01-01,285,7,0,17,3,0,0,0
Chase,2026-02-01,150,6,0,15,7,0,0,3
Chase,2026-03-01,229,9,0,16,9,0,0,3
Chase,2026-04-01,247,11,2,14,11,1,0,4
Chase,2026-05-01,226,14,0,14,13,1,0,3
Chase,2026-06-01,209,11,1,15,10,0,1,2
Chase,2026-07-01,93,8,0,11,3,0,0,4
Citi,2023-01-01,196,10,3,0,2,1,0,0
Citi,2023-02-01,190,2,5,0,4,0,0,0
Citi,2023-03-01,220,9,5,0,1,0,0,0
Citi,2023-04-01,183,3,4,0,0,0,2,0
Citi,2023-05-01,207,1,4,0,1,0,0,0
Citi,2023-06-01,214,3,3,0,1,0,0,0
Citi,2023-07-01,222,3,4,0,1,0,1,0
Citi,2023-08-01,236,3,3,0,1,0,0,0
Citi,2023-09-01,235,3,2,0,4,0,0,0
Citi,2023-10-01,261,8,1,0,2,0,0,0
Citi,2023-11-01,244,9,2,0,1,0,1,0
Citi,2023-12-01,223,7,2,0,3,0,0,0
Citi,2024-01-01,261,2,8,0,3,0,1,0
Citi,2024-02-01,247,2,3,0,6,0,1,0
Citi,2024-03-01,303,8,3,0,1,0,0,0
Citi,2024-04-01,339,8,1,0,6,0,0,0
Citi,2024-05-01,316,9,1,0,8,1,1,0
Citi,2024-06-01,304,2,6,0,8,1,0,0
Citi,2024-07-01,341,10,4,0,3,0,0,0
Citi,2024-08-01,328,8,4,0,5,0,0,0
Citi,2024-09-01,325,5,3,0,2,1,0,0
Citi,2024-10-01,319,9,3,0,3,0,0,0
Citi,2024-11-01,300,9,2,0,2,0,0,0
Citi,2024-12-01,340,8,3,0,2,0,0,0
Citi,2025-01-01,435,15,3,0,3,0,0,0
Citi,2025-02-01,322,8,4,0,3,0,2,0
Citi,2025-03-01,324,8,4,0,2,0,1,0
Citi,2025-04-01,325,9,5,0,3,0,1,0
Citi,2025-05-01,393,6,4,0,6,1,2,0
Citi,2025-06-01,352,9,3,0,2,0,0,0
Citi,2025-07-01,398,9,4,0,4,0,1,0
Citi,2025-08-01,393,10,4,0,2,0,0,0
Citi,2025-09-01,416,13,3,0,6,0,1,0
Citi,2025-10-01,387,37,2,0,7,1,1,0
Citi,2025-11-01,460,37,3,0,4,0,0,0
Citi,2025-12-01,404,11,6,0,5,0,1,0
Citi,2026-01-01,456,14,7,0,6,1,0,0
Citi,2026-02-01,254,5,1,0,1,1,0,0
Citi,2026-03-01,372,10,7,0,8,1,0,0
Citi,2026-04-01,458,17,5,0,9,1,3,0
Citi,2026-05-01,372,13,3,0,3,0,0,0
Citi,2026-06-01,391,24,7,0,5,1,1,0
Citi,2026-07-01,345,15,9,0,9,0,2,0
Discover,2023-01-01,78,0,0,0,0,0,0,0
Discover,2023-02-01,81,0,0,0,0,0,0,0
Discover,2023-03-01,92,0,0,0,1,0,0,0
Discover,2023-04-01,62,0,0,0,0,0,0,0
Discover,2023-05-01,79,0,0,0,0,0,0,0
Discover,2023-06-01,105,0,0,0,0,0,0,0
Discover,2023-07-01,94,0,0,0,1,0,0,0
Discover,2023-08-01,93,0,0,0,0,0,0,0
Discover,2023-09-01,94,0,0,0,0,0,0,0
Discover,2023-10-01,119,0,0,0,1,0,0,0
Discover,2023-11-01,94,0,0,0,0,0,0,0
Discover,2023-12-01,109,0,0,0,0,0,0,0
Discover,2024-01-01,91,0,0,0,1,0,0,0
Discover,2024-02-01,112,0,0,0,0,0,0,0
Discover,2024-03-01,109,0,0,0,0,0,0,0
Discover,2024-04-01,98,0,0,0,0,0,0,0
Discover,2024-05-01,85,0,1,0,0,0,0,0
Discover,2024-06-01,88,0,0,0,1,0,0,0
Discover,2024-07-01,88,0,0,0,0,0,0,0
Discover,2024-08-01,103,0,0,0,0,0,0,0
Discover,2024-09-01,143,1,0,0,0,0,0,0
Discover,2024-10-01,104,1,0,0,0,0,0,0
Discover,2024-11-01,84,0,0,0,0,0,0,0
Discover,2024-12-01,104,0,0,0,0,0,0,0
Discover,2025-01-01,127,0,0,0,1,0,0,0
Discover,2025-02-01,106,0,0,0,0,0,0,0
Discover,2025-03-01,101,1,0,0,0,0,0,0
Discover,2025-04-01,105,0,0,0,0,0,0,0
Discover,2025-05-01,129,0,0,0,0,0,0,0
Discover,2025-06-01,134,1,0,0,0,0,0,0
Discover,2025-07-01,138,0,0,0,1,0,0,0
Discover,2025-08-01,119,1,0,0,0,0,0,0
Discover,2025-09-01,122,0,0,0,0,0,0,0
Discover,2025-10-01,90,0,0,0,0,0,0,0
Discover,2025-11-01,120,1,0,0,0,0,0,0
Discover,2025-12-01,117,0,0,0,0,0,0,0
Discover,2026-01-01,149,0,0,0,1,0,0,0
Discover,2026-02-01,78,0,0,0,0,0,0,0
Discover,2026-03-01,93,0,0,0,1,0,0,0
Synchrony,2023-01-01,178,2,0,0,1,0,0,0
Synchrony,2023-02-01,182,0,0,0,0,0,0,0
Synchrony,2023-03-01,193,1,1,0,1,0,0,0
Synchrony,2023-04-01,143,0,0,0,0,0,0,0
Synchrony,2023-05-01,181,1,0,0,1,0,0,0
Synchrony,2023-06-01,196,0,1,0,1,0,0,0
Synchrony,2023-07-01,193,1,0,0,0,0,0,0
Synchrony,2023-08-01,191,0,1,0,0,0,0,0
Synchrony,2023-09-01,198,0,1,0,0,0,0,0
Synchrony,2023-10-01,215,1,0,0,0,0,0,0
Synchrony,2023-11-01,216,1,0,0,2,0,0,0
Synchrony,2023-12-01,206,0,0,0,0,0,0,0
Synchrony,2024-01-01,219,0,0,0,2,0,0,0
Synchrony,2024-02-01,228,1,0,0,0,0,0,0
Synchrony,2024-03-01,242,0,0,0,2,0,0,0
Synchrony,2024-04-01,280,0,2,0,0,0,0,0
Synchrony,2024-05-01,326,0,4,0,1,0,0,0
Synchrony,2024-06-01,227,0,1,0,0,0,0,0
Synchrony,2024-07-01,287,0,2,0,0,0,0,0
Synchrony,2024-08-01,292,1,2,0,0,0,0,0
Synchrony,2024-09-01,226,1,0,0,0,0,0,0
Synchrony,2024-10-01,265,1,0,0,0,0,0,0
Synchrony,2024-11-01,254,1,1,0,2,0,0,0
Synchrony,2024-12-01,273,1,1,0,1,0,0,0
Synchrony,2025-01-01,308,3,1,0,1,0,0,0
Synchrony,2025-02-01,258,1,0,0,1,0,0,0
Synchrony,2025-03-01,287,0,0,0,1,0,0,0
Synchrony,2025-04-01,268,1,0,0,1,0,0,0
Synchrony,2025-05-01,317,0,2,0,0,0,0,0
Synchrony,2025-06-01,328,1,0,0,0,0,0,0
Synchrony,2025-07-01,386,2,1,0,1,0,0,0
Synchrony,2025-08-01,338,0,1,0,0,0,0,0
Synchrony,2025-09-01,350,0,0,0,1,0,0,0
Synchrony,2025-10-01,305,1,1,0,0,0,0,0
Synchrony,2025-11-01,394,1,1,0,0,0,0,0
Synchrony,2025-12-01,360,2,1,0,2,0,0,0
Synchrony,2026-01-01,474,1,1,0,0,0,0,0
Synchrony,2026-02-01,213,0,1,0,1,0,0,0
Synchrony,2026-03-01,325,2,0,0,0,0,0,0
Synchrony,2026-04-01,348,0,0,0,4,0,0,0
Synchrony,2026-05-01,355,4,0,0,2,0,0,0
Synchrony,2026-06-01,305,0,0,0,2,0,0,0
Synchrony,2026-07-01,217,2,0,0,3,0,0,0
