event,lens,metric,group,month,rel_month,k,n,share_pct,share_pct_3m
chase_sapphire_reserve,sub_issue,fees_rewards_promo,treated,2023-12-01,-18,67,415,16.14,13.91
chase_sapphire_reserve,sub_issue,fees_rewards_promo,treated,2024-01-01,-17,70,450,15.56,15.09
chase_sapphire_reserve,sub_issue,fees_rewards_promo,treated,2024-02-01,-16,58,374,15.51,15.74
chase_sapphire_reserve,sub_issue,fees_rewards_promo,treated,2024-03-01,-15,78,482,16.18,15.77
chase_sapphire_reserve,sub_issue,fees_rewards_promo,treated,2024-04-01,-14,54,454,11.89,14.5
chase_sapphire_reserve,sub_issue,fees_rewards_promo,treated,2024-05-01,-13,73,430,16.98,15.01
chase_sapphire_reserve,sub_issue,fees_rewards_promo,treated,2024-06-01,-12,75,460,16.3,15.03
chase_sapphire_reserve,sub_issue,fees_rewards_promo,treated,2024-07-01,-11,72,446,16.14,16.47
chase_sapphire_reserve,sub_issue,fees_rewards_promo,treated,2024-08-01,-10,57,442,12.9,15.13
chase_sapphire_reserve,sub_issue,fees_rewards_promo,treated,2024-09-01,-9,67,440,15.23,14.76
chase_sapphire_reserve,sub_issue,fees_rewards_promo,treated,2024-10-01,-8,65,453,14.35,14.16
chase_sapphire_reserve,sub_issue,fees_rewards_promo,treated,2024-11-01,-7,77,408,18.87,16.06
chase_sapphire_reserve,sub_issue,fees_rewards_promo,treated,2024-12-01,-6,71,437,16.25,16.41
chase_sapphire_reserve,sub_issue,fees_rewards_promo,treated,2025-01-01,-5,102,521,19.58,18.3
chase_sapphire_reserve,sub_issue,fees_rewards_promo,treated,2025-02-01,-4,76,433,17.55,17.9
chase_sapphire_reserve,sub_issue,fees_rewards_promo,treated,2025-03-01,-3,85,459,18.52,18.61
chase_sapphire_reserve,sub_issue,fees_rewards_promo,treated,2025-04-01,-2,61,423,14.42,16.88
chase_sapphire_reserve,sub_issue,fees_rewards_promo,treated,2025-05-01,-1,88,471,18.68,17.29
chase_sapphire_reserve,sub_issue,fees_rewards_promo,treated,2025-06-01,0,87,501,17.37,16.92
chase_sapphire_reserve,sub_issue,fees_rewards_promo,treated,2025-07-01,1,95,527,18.03,18.01
chase_sapphire_reserve,sub_issue,fees_rewards_promo,treated,2025-08-01,2,88,488,18.03,17.81
chase_sapphire_reserve,sub_issue,fees_rewards_promo,treated,2025-09-01,3,83,508,16.34,17.47
chase_sapphire_reserve,sub_issue,fees_rewards_promo,treated,2025-10-01,4,109,465,23.44,19.16
chase_sapphire_reserve,sub_issue,fees_rewards_promo,treated,2025-11-01,5,80,513,15.59,18.3
chase_sapphire_reserve,sub_issue,fees_rewards_promo,treated,2025-12-01,6,135,642,21.03,20.0
chase_sapphire_reserve,sub_issue,fees_rewards_promo,treated,2026-01-01,7,137,696,19.68,19.02
chase_sapphire_reserve,sub_issue,fees_rewards_promo,treated,2026-02-01,8,132,566,23.32,21.22
chase_sapphire_reserve,sub_issue,fees_rewards_promo,treated,2026-03-01,9,130,615,21.14,21.26
chase_sapphire_reserve,sub_issue,fees_rewards_promo,treated,2026-04-01,10,110,588,18.71,21.03
chase_sapphire_reserve,sub_issue,fees_rewards_promo,treated,2026-05-01,11,153,582,26.29,22.02
chase_sapphire_reserve,sub_issue,fees_rewards_promo,treated,2026-06-01,12,131,578,22.66,22.54
chase_sapphire_reserve,sub_issue,fees_rewards_promo,comparison,2023-12-01,-18,214,1768,12.1,12.22
chase_sapphire_reserve,sub_issue,fees_rewards_promo,comparison,2024-01-01,-17,264,1887,13.99,13.33
chase_sapphire_reserve,sub_issue,fees_rewards_promo,comparison,2024-02-01,-16,240,1967,12.2,12.77
chase_sapphire_reserve,sub_issue,fees_rewards_promo,comparison,2024-03-01,-15,267,2121,12.59,12.9
chase_sapphire_reserve,sub_issue,fees_rewards_promo,comparison,2024-04-01,-14,313,2138,14.64,13.17
chase_sapphire_reserve,sub_issue,fees_rewards_promo,comparison,2024-05-01,-13,305,2108,14.47,13.9
chase_sapphire_reserve,sub_issue,fees_rewards_promo,comparison,2024-06-01,-12,278,1857,14.97,14.68
chase_sapphire_reserve,sub_issue,fees_rewards_promo,comparison,2024-07-01,-11,301,2082,14.46,14.62
chase_sapphire_reserve,sub_issue,fees_rewards_promo,comparison,2024-08-01,-10,325,2180,14.91,14.77
chase_sapphire_reserve,sub_issue,fees_rewards_promo,comparison,2024-09-01,-9,301,2142,14.05,14.48
chase_sapphire_reserve,sub_issue,fees_rewards_promo,comparison,2024-10-01,-8,278,2110,13.18,14.05
chase_sapphire_reserve,sub_issue,fees_rewards_promo,comparison,2024-11-01,-7,275,1991,13.81,13.68
chase_sapphire_reserve,sub_issue,fees_rewards_promo,comparison,2024-12-01,-6,290,2144,13.53,13.5
chase_sapphire_reserve,sub_issue,fees_rewards_promo,comparison,2025-01-01,-5,409,2889,14.16,13.87
chase_sapphire_reserve,sub_issue,fees_rewards_promo,comparison,2025-02-01,-4,309,2251,13.73,13.84
chase_sapphire_reserve,sub_issue,fees_rewards_promo,comparison,2025-03-01,-3,312,2305,13.54,13.83
chase_sapphire_reserve,sub_issue,fees_rewards_promo,comparison,2025-04-01,-2,281,2268,12.39,13.22
chase_sapphire_reserve,sub_issue,fees_rewards_promo,comparison,2025-05-01,-1,340,2526,13.46,13.14
chase_sapphire_reserve,sub_issue,fees_rewards_promo,comparison,2025-06-01,0,315,2553,12.34,12.74
chase_sapphire_reserve,sub_issue,fees_rewards_promo,comparison,2025-07-01,1,336,2834,11.86,12.52
chase_sapphire_reserve,sub_issue,fees_rewards_promo,comparison,2025-08-01,2,318,2639,12.05,12.07
chase_sapphire_reserve,sub_issue,fees_rewards_promo,comparison,2025-09-01,3,348,2837,12.27,12.06
chase_sapphire_reserve,sub_issue,fees_rewards_promo,comparison,2025-10-01,4,339,2564,13.22,12.5
chase_sapphire_reserve,sub_issue,fees_rewards_promo,comparison,2025-11-01,5,387,2881,13.43,12.97
chase_sapphire_reserve,sub_issue,fees_rewards_promo,comparison,2025-12-01,6,489,3538,13.82,13.53
chase_sapphire_reserve,sub_issue,fees_rewards_promo,comparison,2026-01-01,7,555,4076,13.62,13.64
chase_sapphire_reserve,sub_issue,fees_rewards_promo,comparison,2026-02-01,8,464,3301,14.06,13.82
chase_sapphire_reserve,sub_issue,fees_rewards_promo,comparison,2026-03-01,9,467,3643,12.82,13.48
chase_sapphire_reserve,sub_issue,fees_rewards_promo,comparison,2026-04-01,10,508,3708,13.7,13.51
chase_sapphire_reserve,sub_issue,fees_rewards_promo,comparison,2026-05-01,11,501,3584,13.98,13.5
chase_sapphire_reserve,sub_issue,fees_rewards_promo,comparison,2026-06-01,12,500,3476,14.38,14.01
chase_sapphire_reserve,sub_issue,fees,treated,2023-12-01,-18,12,415,2.89,3.95
chase_sapphire_reserve,sub_issue,fees,treated,2024-01-01,-17,16,450,3.56,3.75
chase_sapphire_reserve,sub_issue,fees,treated,2024-02-01,-16,16,374,4.28,3.55
chase_sapphire_reserve,sub_issue,fees,treated,2024-03-01,-15,24,482,4.98,4.29
chase_sapphire_reserve,sub_issue,fees,treated,2024-04-01,-14,14,454,3.08,4.12
chase_sapphire_reserve,sub_issue,fees,treated,2024-05-01,-13,14,430,3.26,3.81
chase_sapphire_reserve,sub_issue,fees,treated,2024-06-01,-12,21,460,4.57,3.65
chase_sapphire_reserve,sub_issue,fees,treated,2024-07-01,-11,15,446,3.36,3.74
chase_sapphire_reserve,sub_issue,fees,treated,2024-08-01,-10,13,442,2.94,3.64
chase_sapphire_reserve,sub_issue,fees,treated,2024-09-01,-9,11,440,2.5,2.94
chase_sapphire_reserve,sub_issue,fees,treated,2024-10-01,-8,17,453,3.75,3.07
chase_sapphire_reserve,sub_issue,fees,treated,2024-11-01,-7,15,408,3.68,3.31
chase_sapphire_reserve,sub_issue,fees,treated,2024-12-01,-6,10,437,2.29,3.24
chase_sapphire_reserve,sub_issue,fees,treated,2025-01-01,-5,20,521,3.84,3.29
chase_sapphire_reserve,sub_issue,fees,treated,2025-02-01,-4,21,433,4.85,3.67
chase_sapphire_reserve,sub_issue,fees,treated,2025-03-01,-3,14,459,3.05,3.89
chase_sapphire_reserve,sub_issue,fees,treated,2025-04-01,-2,15,423,3.55,3.8
chase_sapphire_reserve,sub_issue,fees,treated,2025-05-01,-1,14,471,2.97,3.18
chase_sapphire_reserve,sub_issue,fees,treated,2025-06-01,0,20,501,3.99,3.51
chase_sapphire_reserve,sub_issue,fees,treated,2025-07-01,1,21,527,3.98,3.67
chase_sapphire_reserve,sub_issue,fees,treated,2025-08-01,2,16,488,3.28,3.76
chase_sapphire_reserve,sub_issue,fees,treated,2025-09-01,3,12,508,2.36,3.22
chase_sapphire_reserve,sub_issue,fees,treated,2025-10-01,4,19,465,4.09,3.22
chase_sapphire_reserve,sub_issue,fees,treated,2025-11-01,5,21,513,4.09,3.5
chase_sapphire_reserve,sub_issue,fees,treated,2025-12-01,6,28,642,4.36,4.2
chase_sapphire_reserve,sub_issue,fees,treated,2026-01-01,7,20,696,2.87,3.73
chase_sapphire_reserve,sub_issue,fees,treated,2026-02-01,8,22,566,3.89,3.68
chase_sapphire_reserve,sub_issue,fees,treated,2026-03-01,9,14,615,2.28,2.98
chase_sapphire_reserve,sub_issue,fees,treated,2026-04-01,10,18,588,3.06,3.05
chase_sapphire_reserve,sub_issue,fees,treated,2026-05-01,11,25,582,4.3,3.19
chase_sapphire_reserve,sub_issue,fees,treated,2026-06-01,12,23,578,3.98,3.78
chase_sapphire_reserve,sub_issue,fees,comparison,2023-12-01,-18,95,1768,5.37,5.42
chase_sapphire_reserve,sub_issue,fees,comparison,2024-01-01,-17,124,1887,6.57,5.91
chase_sapphire_reserve,sub_issue,fees,comparison,2024-02-01,-16,138,1967,7.02,6.35
chase_sapphire_reserve,sub_issue,fees,comparison,2024-03-01,-15,147,2121,6.93,6.85
chase_sapphire_reserve,sub_issue,fees,comparison,2024-04-01,-14,162,2138,7.58,7.18
chase_sapphire_reserve,sub_issue,fees,comparison,2024-05-01,-13,185,2108,8.78,7.76
chase_sapphire_reserve,sub_issue,fees,comparison,2024-06-01,-12,164,1857,8.83,8.37
chase_sapphire_reserve,sub_issue,fees,comparison,2024-07-01,-11,169,2082,8.12,8.57
chase_sapphire_reserve,sub_issue,fees,comparison,2024-08-01,-10,188,2180,8.62,8.51
chase_sapphire_reserve,sub_issue,fees,comparison,2024-09-01,-9,188,2142,8.78,8.51
chase_sapphire_reserve,sub_issue,fees,comparison,2024-10-01,-8,143,2110,6.78,8.07
chase_sapphire_reserve,sub_issue,fees,comparison,2024-11-01,-7,156,1991,7.84,7.8
chase_sapphire_reserve,sub_issue,fees,comparison,2024-12-01,-6,150,2144,7.0,7.19
chase_sapphire_reserve,sub_issue,fees,comparison,2025-01-01,-5,227,2889,7.86,7.59
chase_sapphire_reserve,sub_issue,fees,comparison,2025-02-01,-4,147,2251,6.53,7.19
chase_sapphire_reserve,sub_issue,fees,comparison,2025-03-01,-3,173,2305,7.51,7.35
chase_sapphire_reserve,sub_issue,fees,comparison,2025-04-01,-2,130,2268,5.73,6.59
chase_sapphire_reserve,sub_issue,fees,comparison,2025-05-01,-1,168,2526,6.65,6.63
chase_sapphire_reserve,sub_issue,fees,comparison,2025-06-01,0,165,2553,6.46,6.3
chase_sapphire_reserve,sub_issue,fees,comparison,2025-07-01,1,181,2834,6.39,6.5
chase_sapphire_reserve,sub_issue,fees,comparison,2025-08-01,2,148,2639,5.61,6.15
chase_sapphire_reserve,sub_issue,fees,comparison,2025-09-01,3,166,2837,5.85,5.96
chase_sapphire_reserve,sub_issue,fees,comparison,2025-10-01,4,169,2564,6.59,6.01
chase_sapphire_reserve,sub_issue,fees,comparison,2025-11-01,5,199,2881,6.91,6.45
chase_sapphire_reserve,sub_issue,fees,comparison,2025-12-01,6,256,3538,7.24,6.95
chase_sapphire_reserve,sub_issue,fees,comparison,2026-01-01,7,255,4076,6.26,6.77
chase_sapphire_reserve,sub_issue,fees,comparison,2026-02-01,8,233,3301,7.06,6.82
chase_sapphire_reserve,sub_issue,fees,comparison,2026-03-01,9,231,3643,6.34,6.52
chase_sapphire_reserve,sub_issue,fees,comparison,2026-04-01,10,204,3708,5.5,6.27
chase_sapphire_reserve,sub_issue,fees,comparison,2026-05-01,11,250,3584,6.98,6.26
chase_sapphire_reserve,sub_issue,fees,comparison,2026-06-01,12,234,3476,6.73,6.39
chase_sapphire_reserve,sub_issue,rewards,treated,2023-12-01,-18,26,415,6.27,4.5
chase_sapphire_reserve,sub_issue,rewards,treated,2024-01-01,-17,19,450,4.22,4.95
chase_sapphire_reserve,sub_issue,rewards,treated,2024-02-01,-16,22,374,5.88,5.41
chase_sapphire_reserve,sub_issue,rewards,treated,2024-03-01,-15,23,482,4.77,4.9
chase_sapphire_reserve,sub_issue,rewards,treated,2024-04-01,-14,22,454,4.85,5.11
chase_sapphire_reserve,sub_issue,rewards,treated,2024-05-01,-13,20,430,4.65,4.76
chase_sapphire_reserve,sub_issue,rewards,treated,2024-06-01,-12,14,460,3.04,4.17
chase_sapphire_reserve,sub_issue,rewards,treated,2024-07-01,-11,22,446,4.93,4.19
chase_sapphire_reserve,sub_issue,rewards,treated,2024-08-01,-10,21,442,4.75,4.23
chase_sapphire_reserve,sub_issue,rewards,treated,2024-09-01,-9,26,440,5.91,5.2
chase_sapphire_reserve,sub_issue,rewards,treated,2024-10-01,-8,21,453,4.64,5.09
chase_sapphire_reserve,sub_issue,rewards,treated,2024-11-01,-7,27,408,6.62,5.69
chase_sapphire_reserve,sub_issue,rewards,treated,2024-12-01,-6,29,437,6.64,5.93
chase_sapphire_reserve,sub_issue,rewards,treated,2025-01-01,-5,30,521,5.76,6.3
chase_sapphire_reserve,sub_issue,rewards,treated,2025-02-01,-4,31,433,7.16,6.47
chase_sapphire_reserve,sub_issue,rewards,treated,2025-03-01,-3,31,459,6.75,6.51
chase_sapphire_reserve,sub_issue,rewards,treated,2025-04-01,-2,24,423,5.67,6.54
chase_sapphire_reserve,sub_issue,rewards,treated,2025-05-01,-1,36,471,7.64,6.73
chase_sapphire_reserve,sub_issue,rewards,treated,2025-06-01,0,33,501,6.59,6.67
chase_sapphire_reserve,sub_issue,rewards,treated,2025-07-01,1,37,527,7.02,7.07
chase_sapphire_reserve,sub_issue,rewards,treated,2025-08-01,2,34,488,6.97,6.86
chase_sapphire_reserve,sub_issue,rewards,treated,2025-09-01,3,38,508,7.48,7.16
chase_sapphire_reserve,sub_issue,rewards,treated,2025-10-01,4,54,465,11.61,8.62
chase_sapphire_reserve,sub_issue,rewards,treated,2025-11-01,5,33,513,6.43,8.41
chase_sapphire_reserve,sub_issue,rewards,treated,2025-12-01,6,52,642,8.1,8.58
chase_sapphire_reserve,sub_issue,rewards,treated,2026-01-01,7,64,696,9.2,8.05
chase_sapphire_reserve,sub_issue,rewards,treated,2026-02-01,8,66,566,11.66,9.56
chase_sapphire_reserve,sub_issue,rewards,treated,2026-03-01,9,53,615,8.62,9.75
chase_sapphire_reserve,sub_issue,rewards,treated,2026-04-01,10,49,588,8.33,9.5
chase_sapphire_reserve,sub_issue,rewards,treated,2026-05-01,11,73,582,12.54,9.8
chase_sapphire_reserve,sub_issue,rewards,treated,2026-06-01,12,60,578,10.38,10.41
chase_sapphire_reserve,sub_issue,rewards,comparison,2023-12-01,-18,52,1768,2.94,2.66
chase_sapphire_reserve,sub_issue,rewards,comparison,2024-01-01,-17,53,1887,2.81,2.84
chase_sapphire_reserve,sub_issue,rewards,comparison,2024-02-01,-16,37,1967,1.88,2.53
chase_sapphire_reserve,sub_issue,rewards,comparison,2024-03-01,-15,42,2121,1.98,2.21
chase_sapphire_reserve,sub_issue,rewards,comparison,2024-04-01,-14,52,2138,2.43,2.1
chase_sapphire_reserve,sub_issue,rewards,comparison,2024-05-01,-13,31,2108,1.47,1.96
chase_sapphire_reserve,sub_issue,rewards,comparison,2024-06-01,-12,47,1857,2.53,2.13
chase_sapphire_reserve,sub_issue,rewards,comparison,2024-07-01,-11,40,2082,1.92,1.95
chase_sapphire_reserve,sub_issue,rewards,comparison,2024-08-01,-10,31,2180,1.42,1.93
chase_sapphire_reserve,sub_issue,rewards,comparison,2024-09-01,-9,48,2142,2.24,1.86
chase_sapphire_reserve,sub_issue,rewards,comparison,2024-10-01,-8,51,2110,2.42,2.02
chase_sapphire_reserve,sub_issue,rewards,comparison,2024-11-01,-7,46,1991,2.31,2.32
chase_sapphire_reserve,sub_issue,rewards,comparison,2024-12-01,-6,54,2144,2.52,2.42
chase_sapphire_reserve,sub_issue,rewards,comparison,2025-01-01,-5,61,2889,2.11,2.29
chase_sapphire_reserve,sub_issue,rewards,comparison,2025-02-01,-4,79,2251,3.51,2.66
chase_sapphire_reserve,sub_issue,rewards,comparison,2025-03-01,-3,58,2305,2.52,2.66
chase_sapphire_reserve,sub_issue,rewards,comparison,2025-04-01,-2,61,2268,2.69,2.9
chase_sapphire_reserve,sub_issue,rewards,comparison,2025-05-01,-1,55,2526,2.18,2.45
chase_sapphire_reserve,sub_issue,rewards,comparison,2025-06-01,0,47,2553,1.84,2.22
chase_sapphire_reserve,sub_issue,rewards,comparison,2025-07-01,1,54,2834,1.91,1.97
chase_sapphire_reserve,sub_issue,rewards,comparison,2025-08-01,2,63,2639,2.39,2.04
chase_sapphire_reserve,sub_issue,rewards,comparison,2025-09-01,3,55,2837,1.94,2.07
chase_sapphire_reserve,sub_issue,rewards,comparison,2025-10-01,4,48,2564,1.87,2.06
chase_sapphire_reserve,sub_issue,rewards,comparison,2025-11-01,5,75,2881,2.6,2.15
chase_sapphire_reserve,sub_issue,rewards,comparison,2025-12-01,6,86,3538,2.43,2.33
chase_sapphire_reserve,sub_issue,rewards,comparison,2026-01-01,7,105,4076,2.58,2.53
chase_sapphire_reserve,sub_issue,rewards,comparison,2026-02-01,8,100,3301,3.03,2.67
chase_sapphire_reserve,sub_issue,rewards,comparison,2026-03-01,9,92,3643,2.53,2.7
chase_sapphire_reserve,sub_issue,rewards,comparison,2026-04-01,10,124,3708,3.34,2.97
chase_sapphire_reserve,sub_issue,rewards,comparison,2026-05-01,11,101,3584,2.82,2.9
chase_sapphire_reserve,sub_issue,rewards,comparison,2026-06-01,12,104,3476,2.99,3.06
chase_sapphire_reserve,mention,annual_fee,treated,2023-12-01,-18,4,266,1.5,2.47
chase_sapphire_reserve,mention,annual_fee,treated,2024-01-01,-17,4,247,1.62,2.11
chase_sapphire_reserve,mention,annual_fee,treated,2024-02-01,-16,9,212,4.25,2.34
chase_sapphire_reserve,mention,annual_fee,treated,2024-03-01,-15,10,278,3.6,3.12
chase_sapphire_reserve,mention,annual_fee,treated,2024-04-01,-14,4,247,1.62,3.12
chase_sapphire_reserve,mention,annual_fee,treated,2024-05-01,-13,11,228,4.82,3.32
chase_sapphire_reserve,mention,annual_fee,treated,2024-06-01,-12,10,267,3.75,3.37
chase_sapphire_reserve,mention,annual_fee,treated,2024-07-01,-11,8,228,3.51,4.01
chase_sapphire_reserve,mention,annual_fee,treated,2024-08-01,-10,10,252,3.97,3.75
chase_sapphire_reserve,mention,annual_fee,treated,2024-09-01,-9,7,267,2.62,3.35
chase_sapphire_reserve,mention,annual_fee,treated,2024-10-01,-8,5,245,2.04,2.88
chase_sapphire_reserve,mention,annual_fee,treated,2024-11-01,-7,8,227,3.52,2.71
chase_sapphire_reserve,mention,annual_fee,treated,2024-12-01,-6,4,253,1.58,2.34
chase_sapphire_reserve,mention,annual_fee,treated,2025-01-01,-5,8,291,2.75,2.59
chase_sapphire_reserve,mention,annual_fee,treated,2025-02-01,-4,15,236,6.36,3.46
chase_sapphire_reserve,mention,annual_fee,treated,2025-03-01,-3,7,260,2.69,3.81
chase_sapphire_reserve,mention,annual_fee,treated,2025-04-01,-2,7,224,3.12,4.03
chase_sapphire_reserve,mention,annual_fee,treated,2025-05-01,-1,10,253,3.95,3.26
chase_sapphire_reserve,mention,annual_fee,treated,2025-06-01,0,15,288,5.21,4.18
chase_sapphire_reserve,mention,annual_fee,treated,2025-07-01,1,5,275,1.82,3.68
chase_sapphire_reserve,mention,annual_fee,treated,2025-08-01,2,8,274,2.92,3.35
chase_sapphire_reserve,mention,annual_fee,treated,2025-09-01,3,9,297,3.03,2.6
chase_sapphire_reserve,mention,annual_fee,treated,2025-10-01,4,20,234,8.55,4.6
chase_sapphire_reserve,mention,annual_fee,treated,2025-11-01,5,18,283,6.36,5.77
chase_sapphire_reserve,mention,annual_fee,treated,2025-12-01,6,12,239,5.02,6.61
chase_sapphire_reserve,mention,annual_fee,treated,2026-01-01,7,7,285,2.46,4.58
chase_sapphire_reserve,mention,annual_fee,treated,2026-02-01,8,6,150,4.0,3.71
chase_sapphire_reserve,mention,annual_fee,treated,2026-03-01,9,9,229,3.93,3.31
chase_sapphire_reserve,mention,annual_fee,treated,2026-04-01,10,11,247,4.45,4.15
chase_sapphire_reserve,mention,annual_fee,treated,2026-05-01,11,14,226,6.19,4.84
chase_sapphire_reserve,mention,annual_fee,treated,2026-06-01,12,11,209,5.26,5.28
chase_sapphire_reserve,mention,annual_fee,comparison,2023-12-01,-18,16,1004,1.59,2.05
chase_sapphire_reserve,mention,annual_fee,comparison,2024-01-01,-17,15,1023,1.47,1.78
chase_sapphire_reserve,mention,annual_fee,comparison,2024-02-01,-16,13,1066,1.22,1.42
chase_sapphire_reserve,mention,annual_fee,comparison,2024-03-01,-15,12,1136,1.06,1.24
chase_sapphire_reserve,mention,annual_fee,comparison,2024-04-01,-14,17,1158,1.47,1.25
chase_sapphire_reserve,mention,annual_fee,comparison,2024-05-01,-13,19,1176,1.62,1.38
chase_sapphire_reserve,mention,annual_fee,comparison,2024-06-01,-12,9,1019,0.88,1.34
chase_sapphire_reserve,mention,annual_fee,comparison,2024-07-01,-11,22,1179,1.87,1.48
chase_sapphire_reserve,mention,annual_fee,comparison,2024-08-01,-10,19,1204,1.58,1.47
chase_sapphire_reserve,mention,annual_fee,comparison,2024-09-01,-9,12,1201,1.0,1.48
chase_sapphire_reserve,mention,annual_fee,comparison,2024-10-01,-8,19,1145,1.66,1.41
chase_sapphire_reserve,mention,annual_fee,comparison,2024-11-01,-7,18,1122,1.6,1.41
chase_sapphire_reserve,mention,annual_fee,comparison,2024-12-01,-6,18,1239,1.45,1.57
chase_sapphire_reserve,mention,annual_fee,comparison,2025-01-01,-5,30,1632,1.84,1.65
chase_sapphire_reserve,mention,annual_fee,comparison,2025-02-01,-4,19,1218,1.56,1.64
chase_sapphire_reserve,mention,annual_fee,comparison,2025-03-01,-3,14,1291,1.08,1.52
chase_sapphire_reserve,mention,annual_fee,comparison,2025-04-01,-2,19,1257,1.51,1.38
chase_sapphire_reserve,mention,annual_fee,comparison,2025-05-01,-1,26,1480,1.76,1.46
chase_sapphire_reserve,mention,annual_fee,comparison,2025-06-01,0,21,1465,1.43,1.57
chase_sapphire_reserve,mention,annual_fee,comparison,2025-07-01,1,21,1641,1.28,1.48
chase_sapphire_reserve,mention,annual_fee,comparison,2025-08-01,2,26,1546,1.68,1.46
chase_sapphire_reserve,mention,annual_fee,comparison,2025-09-01,3,22,1533,1.44,1.46
chase_sapphire_reserve,mention,annual_fee,comparison,2025-10-01,4,53,1337,3.96,2.29
chase_sapphire_reserve,mention,annual_fee,comparison,2025-11-01,5,54,1635,3.3,2.86
chase_sapphire_reserve,mention,annual_fee,comparison,2025-12-01,6,24,1481,1.62,2.94
chase_sapphire_reserve,mention,annual_fee,comparison,2026-01-01,7,29,1756,1.65,2.2
chase_sapphire_reserve,mention,annual_fee,comparison,2026-02-01,8,19,904,2.1,1.74
chase_sapphire_reserve,mention,annual_fee,comparison,2026-03-01,9,26,1465,1.77,1.79
chase_sapphire_reserve,mention,annual_fee,comparison,2026-04-01,10,29,1628,1.78,1.85
chase_sapphire_reserve,mention,annual_fee,comparison,2026-05-01,11,40,1392,2.87,2.12
chase_sapphire_reserve,mention,annual_fee,comparison,2026-06-01,12,36,1305,2.76,2.43
chase_sapphire_reserve,mention,statement_credit,treated,2023-12-01,-18,3,266,1.13,0.74
chase_sapphire_reserve,mention,statement_credit,treated,2024-01-01,-17,2,247,0.81,0.79
chase_sapphire_reserve,mention,statement_credit,treated,2024-02-01,-16,6,212,2.83,1.52
chase_sapphire_reserve,mention,statement_credit,treated,2024-03-01,-15,3,278,1.08,1.49
chase_sapphire_reserve,mention,statement_credit,treated,2024-04-01,-14,2,247,0.81,1.49
chase_sapphire_reserve,mention,statement_credit,treated,2024-05-01,-13,2,228,0.88,0.93
chase_sapphire_reserve,mention,statement_credit,treated,2024-06-01,-12,4,267,1.5,1.08
chase_sapphire_reserve,mention,statement_credit,treated,2024-07-01,-11,4,228,1.75,1.38
chase_sapphire_reserve,mention,statement_credit,treated,2024-08-01,-10,5,252,1.98,1.74
chase_sapphire_reserve,mention,statement_credit,treated,2024-09-01,-9,1,267,0.37,1.34
chase_sapphire_reserve,mention,statement_credit,treated,2024-10-01,-8,3,245,1.22,1.18
chase_sapphire_reserve,mention,statement_credit,treated,2024-11-01,-7,10,227,4.41,1.89
chase_sapphire_reserve,mention,statement_credit,treated,2024-12-01,-6,4,253,1.58,2.34
chase_sapphire_reserve,mention,statement_credit,treated,2025-01-01,-5,6,291,2.06,2.59
chase_sapphire_reserve,mention,statement_credit,treated,2025-02-01,-4,5,236,2.12,1.92
chase_sapphire_reserve,mention,statement_credit,treated,2025-03-01,-3,5,260,1.92,2.03
chase_sapphire_reserve,mention,statement_credit,treated,2025-04-01,-2,4,224,1.79,1.94
chase_sapphire_reserve,mention,statement_credit,treated,2025-05-01,-1,6,253,2.37,2.04
chase_sapphire_reserve,mention,statement_credit,treated,2025-06-01,0,1,288,0.35,1.44
chase_sapphire_reserve,mention,statement_credit,treated,2025-07-01,1,2,275,0.73,1.1
chase_sapphire_reserve,mention,statement_credit,treated,2025-08-01,2,4,274,1.46,0.84
chase_sapphire_reserve,mention,statement_credit,treated,2025-09-01,3,5,297,1.68,1.3
chase_sapphire_reserve,mention,statement_credit,treated,2025-10-01,4,6,234,2.56,1.86
chase_sapphire_reserve,mention,statement_credit,treated,2025-11-01,5,6,283,2.12,2.09
chase_sapphire_reserve,mention,statement_credit,treated,2025-12-01,6,7,239,2.93,2.51
chase_sapphire_reserve,mention,statement_credit,treated,2026-01-01,7,3,285,1.05,1.98
chase_sapphire_reserve,mention,statement_credit,treated,2026-02-01,8,7,150,4.67,2.52
chase_sapphire_reserve,mention,statement_credit,treated,2026-03-01,9,9,229,3.93,2.86
chase_sapphire_reserve,mention,statement_credit,treated,2026-04-01,10,11,247,4.45,4.31
chase_sapphire_reserve,mention,statement_credit,treated,2026-05-01,11,13,226,5.75,4.7
chase_sapphire_reserve,mention,statement_credit,treated,2026-06-01,12,10,209,4.78,4.99
chase_sapphire_reserve,mention,statement_credit,comparison,2023-12-01,-18,3,1004,0.3,0.46
chase_sapphire_reserve,mention,statement_credit,comparison,2024-01-01,-17,7,1023,0.68,0.44
chase_sapphire_reserve,mention,statement_credit,comparison,2024-02-01,-16,8,1066,0.75,0.58
chase_sapphire_reserve,mention,statement_credit,comparison,2024-03-01,-15,5,1136,0.44,0.62
chase_sapphire_reserve,mention,statement_credit,comparison,2024-04-01,-14,7,1158,0.6,0.6
chase_sapphire_reserve,mention,statement_credit,comparison,2024-05-01,-13,12,1176,1.02,0.69
chase_sapphire_reserve,mention,statement_credit,comparison,2024-06-01,-12,10,1019,0.98,0.86
chase_sapphire_reserve,mention,statement_credit,comparison,2024-07-01,-11,4,1179,0.34,0.77
chase_sapphire_reserve,mention,statement_credit,comparison,2024-08-01,-10,9,1204,0.75,0.68
chase_sapphire_reserve,mention,statement_credit,comparison,2024-09-01,-9,7,1201,0.58,0.56
chase_sapphire_reserve,mention,statement_credit,comparison,2024-10-01,-8,5,1145,0.44,0.59
chase_sapphire_reserve,mention,statement_credit,comparison,2024-11-01,-7,7,1122,0.62,0.55
chase_sapphire_reserve,mention,statement_credit,comparison,2024-12-01,-6,6,1239,0.48,0.51
chase_sapphire_reserve,mention,statement_credit,comparison,2025-01-01,-5,8,1632,0.49,0.53
chase_sapphire_reserve,mention,statement_credit,comparison,2025-02-01,-4,7,1218,0.57,0.51
chase_sapphire_reserve,mention,statement_credit,comparison,2025-03-01,-3,5,1291,0.39,0.48
chase_sapphire_reserve,mention,statement_credit,comparison,2025-04-01,-2,6,1257,0.48,0.48
chase_sapphire_reserve,mention,statement_credit,comparison,2025-05-01,-1,10,1480,0.68,0.52
chase_sapphire_reserve,mention,statement_credit,comparison,2025-06-01,0,5,1465,0.34,0.5
chase_sapphire_reserve,mention,statement_credit,comparison,2025-07-01,1,8,1641,0.49,0.5
chase_sapphire_reserve,mention,statement_credit,comparison,2025-08-01,2,6,1546,0.39,0.41
chase_sapphire_reserve,mention,statement_credit,comparison,2025-09-01,3,9,1533,0.59,0.49
chase_sapphire_reserve,mention,statement_credit,comparison,2025-10-01,4,9,1337,0.67,0.54
chase_sapphire_reserve,mention,statement_credit,comparison,2025-11-01,5,4,1635,0.24,0.49
chase_sapphire_reserve,mention,statement_credit,comparison,2025-12-01,6,9,1481,0.61,0.49
chase_sapphire_reserve,mention,statement_credit,comparison,2026-01-01,7,14,1756,0.8,0.55
chase_sapphire_reserve,mention,statement_credit,comparison,2026-02-01,8,7,904,0.77,0.72
chase_sapphire_reserve,mention,statement_credit,comparison,2026-03-01,9,19,1465,1.3,0.97
chase_sapphire_reserve,mention,statement_credit,comparison,2026-04-01,10,20,1628,1.23,1.15
chase_sapphire_reserve,mention,statement_credit,comparison,2026-05-01,11,7,1392,0.5,1.03
chase_sapphire_reserve,mention,statement_credit,comparison,2026-06-01,12,14,1305,1.07,0.95
chase_sapphire_reserve,theme,membership_value,treated,2023-12-01,-18,41,264,15.53,13.36
chase_sapphire_reserve,theme,membership_value,treated,2024-01-01,-17,41,244,16.8,14.91
chase_sapphire_reserve,theme,membership_value,treated,2024-02-01,-16,36,211,17.06,16.41
chase_sapphire_reserve,theme,membership_value,treated,2024-03-01,-15,43,274,15.69,16.46
chase_sapphire_reserve,theme,membership_value,treated,2024-04-01,-14,31,244,12.7,15.09
chase_sapphire_reserve,theme,membership_value,treated,2024-05-01,-13,34,225,15.11,14.54
chase_sapphire_reserve,theme,membership_value,treated,2024-06-01,-12,41,264,15.53,14.46
chase_sapphire_reserve,theme,membership_value,treated,2024-07-01,-11,37,227,16.3,15.64
chase_sapphire_reserve,theme,membership_value,treated,2024-08-01,-10,31,252,12.3,14.67
chase_sapphire_reserve,theme,membership_value,treated,2024-09-01,-9,36,264,13.64,14.0
chase_sapphire_reserve,theme,membership_value,treated,2024-10-01,-8,41,241,17.01,14.27
chase_sapphire_reserve,theme,membership_value,treated,2024-11-01,-7,41,226,18.14,16.14
chase_sapphire_reserve,theme,membership_value,treated,2024-12-01,-6,41,253,16.21,17.08
chase_sapphire_reserve,theme,membership_value,treated,2025-01-01,-5,64,291,21.99,18.96
chase_sapphire_reserve,theme,membership_value,treated,2025-02-01,-4,41,236,17.37,18.72
chase_sapphire_reserve,theme,membership_value,treated,2025-03-01,-3,52,258,20.16,20.0
chase_sapphire_reserve,theme,membership_value,treated,2025-04-01,-2,38,218,17.43,18.4
chase_sapphire_reserve,theme,membership_value,treated,2025-05-01,-1,52,253,20.55,19.48
chase_sapphire_reserve,theme,membership_value,treated,2025-06-01,0,55,286,19.23,19.15
chase_sapphire_reserve,theme,membership_value,treated,2025-07-01,1,57,272,20.96,20.22
chase_sapphire_reserve,theme,membership_value,treated,2025-08-01,2,64,273,23.44,21.18
chase_sapphire_reserve,theme,membership_value,treated,2025-09-01,3,62,293,21.16,21.84
chase_sapphire_reserve,theme,membership_value,treated,2025-10-01,4,66,232,28.45,24.06
chase_sapphire_reserve,theme,membership_value,treated,2025-11-01,5,48,282,17.02,21.81
chase_sapphire_reserve,theme,membership_value,treated,2025-12-01,6,53,238,22.27,22.21
chase_sapphire_reserve,theme,membership_value,treated,2026-01-01,7,67,280,23.93,21.0
chase_sapphire_reserve,theme,membership_value,treated,2026-02-01,8,30,150,20.0,22.46
chase_sapphire_reserve,theme,membership_value,treated,2026-03-01,9,57,224,25.45,23.55
chase_sapphire_reserve,theme,membership_value,treated,2026-04-01,10,59,245,24.08,23.59
chase_sapphire_reserve,theme,membership_value,treated,2026-05-01,11,59,226,26.11,25.18
chase_sapphire_reserve,theme,membership_value,treated,2026-06-01,12,52,209,24.88,25.0
chase_sapphire_reserve,theme,membership_value,comparison,2023-12-01,-18,66,990,6.67,6.4
chase_sapphire_reserve,theme,membership_value,comparison,2024-01-01,-17,60,1002,5.99,6.45
chase_sapphire_reserve,theme,membership_value,comparison,2024-02-01,-16,53,1042,5.09,5.9
chase_sapphire_reserve,theme,membership_value,comparison,2024-03-01,-15,58,1123,5.16,5.4
chase_sapphire_reserve,theme,membership_value,comparison,2024-04-01,-14,67,1145,5.85,5.38
chase_sapphire_reserve,theme,membership_value,comparison,2024-05-01,-13,71,1160,6.12,5.72
chase_sapphire_reserve,theme,membership_value,comparison,2024-06-01,-12,68,1003,6.78,6.23
chase_sapphire_reserve,theme,membership_value,comparison,2024-07-01,-11,78,1171,6.66,6.51
chase_sapphire_reserve,theme,membership_value,comparison,2024-08-01,-10,59,1184,4.98,6.1
chase_sapphire_reserve,theme,membership_value,comparison,2024-09-01,-9,58,1189,4.88,5.5
chase_sapphire_reserve,theme,membership_value,comparison,2024-10-01,-8,68,1133,6.0,5.28
chase_sapphire_reserve,theme,membership_value,comparison,2024-11-01,-7,67,1106,6.06,5.63
chase_sapphire_reserve,theme,membership_value,comparison,2024-12-01,-6,68,1228,5.54,5.86
chase_sapphire_reserve,theme,membership_value,comparison,2025-01-01,-5,88,1611,5.46,5.65
chase_sapphire_reserve,theme,membership_value,comparison,2025-02-01,-4,82,1210,6.78,5.88
chase_sapphire_reserve,theme,membership_value,comparison,2025-03-01,-3,65,1280,5.08,5.73
chase_sapphire_reserve,theme,membership_value,comparison,2025-04-01,-2,69,1243,5.55,5.79
chase_sapphire_reserve,theme,membership_value,comparison,2025-05-01,-1,80,1466,5.46,5.36
chase_sapphire_reserve,theme,membership_value,comparison,2025-06-01,0,76,1450,5.24,5.41
chase_sapphire_reserve,theme,membership_value,comparison,2025-07-01,1,82,1621,5.06,5.25
chase_sapphire_reserve,theme,membership_value,comparison,2025-08-01,2,94,1528,6.15,5.48
chase_sapphire_reserve,theme,membership_value,comparison,2025-09-01,3,86,1518,5.67,5.61
chase_sapphire_reserve,theme,membership_value,comparison,2025-10-01,4,69,1326,5.2,5.7
chase_sapphire_reserve,theme,membership_value,comparison,2025-11-01,5,94,1617,5.81,5.58
chase_sapphire_reserve,theme,membership_value,comparison,2025-12-01,6,84,1475,5.69,5.59
chase_sapphire_reserve,theme,membership_value,comparison,2026-01-01,7,111,1744,6.36,5.98
chase_sapphire_reserve,theme,membership_value,comparison,2026-02-01,8,46,896,5.13,5.86
chase_sapphire_reserve,theme,membership_value,comparison,2026-03-01,9,103,1454,7.08,6.35
chase_sapphire_reserve,theme,membership_value,comparison,2026-04-01,10,122,1621,7.53,6.82
chase_sapphire_reserve,theme,membership_value,comparison,2026-05-01,11,88,1386,6.35,7.02
chase_sapphire_reserve,theme,membership_value,comparison,2026-06-01,12,104,1299,8.01,7.29
chase_sapphire_reserve,theme,annual_fee,treated,2023-12-01,-18,1,264,0.38,1.0
chase_sapphire_reserve,theme,annual_fee,treated,2024-01-01,-17,2,244,0.82,0.93
chase_sapphire_reserve,theme,annual_fee,treated,2024-02-01,-16,1,211,0.47,0.56
chase_sapphire_reserve,theme,annual_fee,treated,2024-03-01,-15,7,274,2.55,1.37
chase_sapphire_reserve,theme,annual_fee,treated,2024-04-01,-14,2,244,0.82,1.37
chase_sapphire_reserve,theme,annual_fee,treated,2024-05-01,-13,2,225,0.89,1.48
chase_sapphire_reserve,theme,annual_fee,treated,2024-06-01,-12,3,264,1.14,0.95
chase_sapphire_reserve,theme,annual_fee,treated,2024-07-01,-11,2,227,0.88,0.98
chase_sapphire_reserve,theme,annual_fee,treated,2024-08-01,-10,1,252,0.4,0.81
chase_sapphire_reserve,theme,annual_fee,treated,2024-09-01,-9,1,264,0.38,0.54
chase_sapphire_reserve,theme,annual_fee,treated,2024-10-01,-8,3,241,1.24,0.66
chase_sapphire_reserve,theme,annual_fee,treated,2024-11-01,-7,3,226,1.33,0.96
chase_sapphire_reserve,theme,annual_fee,treated,2024-12-01,-6,1,253,0.4,0.97
chase_sapphire_reserve,theme,annual_fee,treated,2025-01-01,-5,3,291,1.03,0.91
chase_sapphire_reserve,theme,annual_fee,treated,2025-02-01,-4,4,236,1.69,1.03
chase_sapphire_reserve,theme,annual_fee,treated,2025-03-01,-3,2,258,0.78,1.15
chase_sapphire_reserve,theme,annual_fee,treated,2025-04-01,-2,4,218,1.83,1.4
chase_sapphire_reserve,theme,annual_fee,treated,2025-05-01,-1,1,253,0.4,0.96
chase_sapphire_reserve,theme,annual_fee,treated,2025-06-01,0,9,286,3.15,1.85
chase_sapphire_reserve,theme,annual_fee,treated,2025-07-01,1,3,272,1.1,1.6
chase_sapphire_reserve,theme,annual_fee,treated,2025-08-01,2,2,273,0.73,1.68
chase_sapphire_reserve,theme,annual_fee,treated,2025-09-01,3,2,293,0.68,0.84
chase_sapphire_reserve,theme,annual_fee,treated,2025-10-01,4,10,232,4.31,1.75
chase_sapphire_reserve,theme,annual_fee,treated,2025-11-01,5,6,282,2.13,2.23
chase_sapphire_reserve,theme,annual_fee,treated,2025-12-01,6,8,238,3.36,3.19
chase_sapphire_reserve,theme,annual_fee,treated,2026-01-01,7,2,280,0.71,2.0
chase_sapphire_reserve,theme,annual_fee,treated,2026-02-01,8,2,150,1.33,1.8
chase_sapphire_reserve,theme,annual_fee,treated,2026-03-01,9,2,224,0.89,0.92
chase_sapphire_reserve,theme,annual_fee,treated,2026-04-01,10,4,245,1.63,1.29
chase_sapphire_reserve,theme,annual_fee,treated,2026-05-01,11,7,226,3.1,1.87
chase_sapphire_reserve,theme,annual_fee,treated,2026-06-01,12,4,209,1.91,2.21
chase_sapphire_reserve,theme,annual_fee,comparison,2023-12-01,-18,9,990,0.91,1.21
chase_sapphire_reserve,theme,annual_fee,comparison,2024-01-01,-17,7,1002,0.7,0.99
chase_sapphire_reserve,theme,annual_fee,comparison,2024-02-01,-16,4,1042,0.38,0.66
chase_sapphire_reserve,theme,annual_fee,comparison,2024-03-01,-15,8,1123,0.71,0.6
chase_sapphire_reserve,theme,annual_fee,comparison,2024-04-01,-14,12,1145,1.05,0.73
chase_sapphire_reserve,theme,annual_fee,comparison,2024-05-01,-13,12,1160,1.03,0.93
chase_sapphire_reserve,theme,annual_fee,comparison,2024-06-01,-12,6,1003,0.6,0.91
chase_sapphire_reserve,theme,annual_fee,comparison,2024-07-01,-11,9,1171,0.77,0.81
chase_sapphire_reserve,theme,annual_fee,comparison,2024-08-01,-10,7,1184,0.59,0.66
chase_sapphire_reserve,theme,annual_fee,comparison,2024-09-01,-9,6,1189,0.5,0.62
chase_sapphire_reserve,theme,annual_fee,comparison,2024-10-01,-8,7,1133,0.62,0.57
chase_sapphire_reserve,theme,annual_fee,comparison,2024-11-01,-7,7,1106,0.63,0.58
chase_sapphire_reserve,theme,annual_fee,comparison,2024-12-01,-6,9,1228,0.73,0.66
chase_sapphire_reserve,theme,annual_fee,comparison,2025-01-01,-5,10,1611,0.62,0.66
chase_sapphire_reserve,theme,annual_fee,comparison,2025-02-01,-4,6,1210,0.5,0.62
chase_sapphire_reserve,theme,annual_fee,comparison,2025-03-01,-3,7,1280,0.55,0.56
chase_sapphire_reserve,theme,annual_fee,comparison,2025-04-01,-2,5,1243,0.4,0.48
chase_sapphire_reserve,theme,annual_fee,comparison,2025-05-01,-1,9,1466,0.61,0.53
chase_sapphire_reserve,theme,annual_fee,comparison,2025-06-01,0,8,1450,0.55,0.53
chase_sapphire_reserve,theme,annual_fee,comparison,2025-07-01,1,10,1621,0.62,0.6
chase_sapphire_reserve,theme,annual_fee,comparison,2025-08-01,2,11,1528,0.72,0.63
chase_sapphire_reserve,theme,annual_fee,comparison,2025-09-01,3,10,1518,0.66,0.66
chase_sapphire_reserve,theme,annual_fee,comparison,2025-10-01,4,7,1326,0.53,0.64
chase_sapphire_reserve,theme,annual_fee,comparison,2025-11-01,5,16,1617,0.99,0.74
chase_sapphire_reserve,theme,annual_fee,comparison,2025-12-01,6,9,1475,0.61,0.72
chase_sapphire_reserve,theme,annual_fee,comparison,2026-01-01,7,13,1744,0.75,0.79
chase_sapphire_reserve,theme,annual_fee,comparison,2026-02-01,8,9,896,1.0,0.75
chase_sapphire_reserve,theme,annual_fee,comparison,2026-03-01,9,11,1454,0.76,0.81
chase_sapphire_reserve,theme,annual_fee,comparison,2026-04-01,10,11,1621,0.68,0.78
chase_sapphire_reserve,theme,annual_fee,comparison,2026-05-01,11,11,1386,0.79,0.74
chase_sapphire_reserve,theme,annual_fee,comparison,2026-06-01,12,15,1299,1.15,0.86
chase_sapphire_reserve,mention,refreshed_card_named,treated,2023-12-01,-18,1,266,0.38,1.73
chase_sapphire_reserve,mention,refreshed_card_named,treated,2024-01-01,-17,6,247,2.43,1.84
chase_sapphire_reserve,mention,refreshed_card_named,treated,2024-02-01,-16,3,212,1.42,1.38
chase_sapphire_reserve,mention,refreshed_card_named,treated,2024-03-01,-15,3,278,1.08,1.63
chase_sapphire_reserve,mention,refreshed_card_named,treated,2024-04-01,-14,8,247,3.24,1.9
chase_sapphire_reserve,mention,refreshed_card_named,treated,2024-05-01,-13,7,228,3.07,2.39
chase_sapphire_reserve,mention,refreshed_card_named,treated,2024-06-01,-12,7,267,2.62,2.96
chase_sapphire_reserve,mention,refreshed_card_named,treated,2024-07-01,-11,2,228,0.88,2.21
chase_sapphire_reserve,mention,refreshed_card_named,treated,2024-08-01,-10,6,252,2.38,2.01
chase_sapphire_reserve,mention,refreshed_card_named,treated,2024-09-01,-9,12,267,4.49,2.68
chase_sapphire_reserve,mention,refreshed_card_named,treated,2024-10-01,-8,5,245,2.04,3.01
chase_sapphire_reserve,mention,refreshed_card_named,treated,2024-11-01,-7,5,227,2.2,2.98
chase_sapphire_reserve,mention,refreshed_card_named,treated,2024-12-01,-6,7,253,2.77,2.34
chase_sapphire_reserve,mention,refreshed_card_named,treated,2025-01-01,-5,8,291,2.75,2.59
chase_sapphire_reserve,mention,refreshed_card_named,treated,2025-02-01,-4,8,236,3.39,2.95
chase_sapphire_reserve,mention,refreshed_card_named,treated,2025-03-01,-3,7,260,2.69,2.92
chase_sapphire_reserve,mention,refreshed_card_named,treated,2025-04-01,-2,5,224,2.23,2.78
chase_sapphire_reserve,mention,refreshed_card_named,treated,2025-05-01,-1,10,253,3.95,2.99
chase_sapphire_reserve,mention,refreshed_card_named,treated,2025-06-01,0,16,288,5.56,4.05
chase_sapphire_reserve,mention,refreshed_card_named,treated,2025-07-01,1,11,275,4.0,4.53
chase_sapphire_reserve,mention,refreshed_card_named,treated,2025-08-01,2,17,274,6.2,5.26
chase_sapphire_reserve,mention,refreshed_card_named,treated,2025-09-01,3,12,297,4.04,4.73
chase_sapphire_reserve,mention,refreshed_card_named,treated,2025-10-01,4,16,234,6.84,5.59
chase_sapphire_reserve,mention,refreshed_card_named,treated,2025-11-01,5,9,283,3.18,4.55
chase_sapphire_reserve,mention,refreshed_card_named,treated,2025-12-01,6,15,239,6.28,5.29
chase_sapphire_reserve,mention,refreshed_card_named,treated,2026-01-01,7,17,285,5.96,5.08
chase_sapphire_reserve,mention,refreshed_card_named,treated,2026-02-01,8,15,150,10.0,6.97
chase_sapphire_reserve,mention,refreshed_card_named,treated,2026-03-01,9,16,229,6.99,7.23
chase_sapphire_reserve,mention,refreshed_card_named,treated,2026-04-01,10,14,247,5.67,7.19
chase_sapphire_reserve,mention,refreshed_card_named,treated,2026-05-01,11,14,226,6.19,6.27
chase_sapphire_reserve,mention,refreshed_card_named,treated,2026-06-01,12,15,209,7.18,6.3
amex_platinum,sub_issue,fees_rewards_promo,treated,2024-03-01,-18,56,391,14.32,17.49
amex_platinum,sub_issue,fees_rewards_promo,treated,2024-04-01,-17,74,388,19.07,17.66
amex_platinum,sub_issue,fees_rewards_promo,treated,2024-05-01,-16,80,308,25.97,19.32
amex_platinum,sub_issue,fees_rewards_promo,treated,2024-06-01,-15,48,260,18.46,21.13
amex_platinum,sub_issue,fees_rewards_promo,treated,2024-07-01,-14,71,307,23.13,22.74
amex_platinum,sub_issue,fees_rewards_promo,treated,2024-08-01,-13,57,313,18.21,20.0
amex_platinum,sub_issue,fees_rewards_promo,treated,2024-09-01,-12,76,304,25.0,22.08
amex_platinum,sub_issue,fees_rewards_promo,treated,2024-10-01,-11,61,301,20.27,21.13
amex_platinum,sub_issue,fees_rewards_promo,treated,2024-11-01,-10,71,301,23.59,22.96
amex_platinum,sub_issue,fees_rewards_promo,treated,2024-12-01,-9,74,313,23.64,22.51
amex_platinum,sub_issue,fees_rewards_promo,treated,2025-01-01,-8,106,437,24.26,23.88
amex_platinum,sub_issue,fees_rewards_promo,treated,2025-02-01,-7,73,336,21.73,23.3
amex_platinum,sub_issue,fees_rewards_promo,treated,2025-03-01,-6,83,313,26.52,24.13
amex_platinum,sub_issue,fees_rewards_promo,treated,2025-04-01,-5,73,338,21.6,23.2
amex_platinum,sub_issue,fees_rewards_promo,treated,2025-05-01,-4,103,426,24.18,24.05
amex_platinum,sub_issue,fees_rewards_promo,treated,2025-06-01,-3,105,429,24.48,23.55
amex_platinum,sub_issue,fees_rewards_promo,treated,2025-07-01,-2,109,413,26.39,25.0
amex_platinum,sub_issue,fees_rewards_promo,treated,2025-08-01,-1,90,372,24.19,25.04
amex_platinum,sub_issue,fees_rewards_promo,treated,2025-09-01,0,85,409,20.78,23.79
amex_platinum,sub_issue,fees_rewards_promo,treated,2025-10-01,1,91,433,21.02,21.91
amex_platinum,sub_issue,fees_rewards_promo,treated,2025-11-01,2,81,383,21.15,20.98
amex_platinum,sub_issue,fees_rewards_promo,treated,2025-12-01,3,76,425,17.88,19.98
amex_platinum,sub_issue,fees_rewards_promo,treated,2026-01-01,4,104,507,20.51,19.85
amex_platinum,sub_issue,fees_rewards_promo,treated,2026-02-01,5,103,422,24.41,20.9
amex_platinum,sub_issue,fees_rewards_promo,treated,2026-03-01,6,125,523,23.9,22.87
amex_platinum,sub_issue,fees_rewards_promo,treated,2026-04-01,7,121,577,20.97,22.93
amex_platinum,sub_issue,fees_rewards_promo,treated,2026-05-01,8,113,503,22.47,22.4
amex_platinum,sub_issue,fees_rewards_promo,treated,2026-06-01,9,121,469,25.8,22.92
amex_platinum,sub_issue,fees_rewards_promo,treated,2026-07-01,10,150,527,28.46,25.62
amex_platinum,sub_issue,fees_rewards_promo,treated,2026-08-01,11,112,497,22.54,25.65
amex_platinum,sub_issue,fees_rewards_promo,comparison,2024-03-01,-18,267,2121,12.59,12.9
amex_platinum,sub_issue,fees_rewards_promo,comparison,2024-04-01,-17,313,2138,14.64,13.17
amex_platinum,sub_issue,fees_rewards_promo,comparison,2024-05-01,-16,305,2108,14.47,13.9
amex_platinum,sub_issue,fees_rewards_promo,comparison,2024-06-01,-15,278,1857,14.97,14.68
amex_platinum,sub_issue,fees_rewards_promo,comparison,2024-07-01,-14,301,2082,14.46,14.62
amex_platinum,sub_issue,fees_rewards_promo,comparison,2024-08-01,-13,325,2180,14.91,14.77
amex_platinum,sub_issue,fees_rewards_promo,comparison,2024-09-01,-12,301,2142,14.05,14.48
amex_platinum,sub_issue,fees_rewards_promo,comparison,2024-10-01,-11,278,2110,13.18,14.05
amex_platinum,sub_issue,fees_rewards_promo,comparison,2024-11-01,-10,275,1991,13.81,13.68
amex_platinum,sub_issue,fees_rewards_promo,comparison,2024-12-01,-9,290,2144,13.53,13.5
amex_platinum,sub_issue,fees_rewards_promo,comparison,2025-01-01,-8,409,2889,14.16,13.87
amex_platinum,sub_issue,fees_rewards_promo,comparison,2025-02-01,-7,309,2251,13.73,13.84
amex_platinum,sub_issue,fees_rewards_promo,comparison,2025-03-01,-6,312,2305,13.54,13.83
amex_platinum,sub_issue,fees_rewards_promo,comparison,2025-04-01,-5,281,2268,12.39,13.22
amex_platinum,sub_issue,fees_rewards_promo,comparison,2025-05-01,-4,340,2526,13.46,13.14
amex_platinum,sub_issue,fees_rewards_promo,comparison,2025-06-01,-3,315,2553,12.34,12.74
amex_platinum,sub_issue,fees_rewards_promo,comparison,2025-07-01,-2,336,2834,11.86,12.52
amex_platinum,sub_issue,fees_rewards_promo,comparison,2025-08-01,-1,318,2639,12.05,12.07
amex_platinum,sub_issue,fees_rewards_promo,comparison,2025-09-01,0,348,2837,12.27,12.06
amex_platinum,sub_issue,fees_rewards_promo,comparison,2025-10-01,1,339,2564,13.22,12.5
amex_platinum,sub_issue,fees_rewards_promo,comparison,2025-11-01,2,387,2881,13.43,12.97
amex_platinum,sub_issue,fees_rewards_promo,comparison,2025-12-01,3,489,3538,13.82,13.53
amex_platinum,sub_issue,fees_rewards_promo,comparison,2026-01-01,4,555,4076,13.62,13.64
amex_platinum,sub_issue,fees_rewards_promo,comparison,2026-02-01,5,464,3301,14.06,13.82
amex_platinum,sub_issue,fees_rewards_promo,comparison,2026-03-01,6,467,3643,12.82,13.48
amex_platinum,sub_issue,fees_rewards_promo,comparison,2026-04-01,7,508,3708,13.7,13.51
amex_platinum,sub_issue,fees_rewards_promo,comparison,2026-05-01,8,501,3584,13.98,13.5
amex_platinum,sub_issue,fees_rewards_promo,comparison,2026-06-01,9,500,3476,14.38,14.01
amex_platinum,sub_issue,fees_rewards_promo,comparison,2026-07-01,10,583,3745,15.57,14.66
amex_platinum,sub_issue,fees_rewards_promo,comparison,2026-08-01,11,602,3870,15.56,15.19
amex_platinum,sub_issue,fees,treated,2024-03-01,-18,23,391,5.88,5.71
amex_platinum,sub_issue,fees,treated,2024-04-01,-17,37,388,9.54,7.01
amex_platinum,sub_issue,fees,treated,2024-05-01,-16,27,308,8.77,8.0
amex_platinum,sub_issue,fees,treated,2024-06-01,-15,24,260,9.23,9.21
amex_platinum,sub_issue,fees,treated,2024-07-01,-14,20,307,6.51,8.11
amex_platinum,sub_issue,fees,treated,2024-08-01,-13,20,313,6.39,7.27
amex_platinum,sub_issue,fees,treated,2024-09-01,-12,25,304,8.22,7.03
amex_platinum,sub_issue,fees,treated,2024-10-01,-11,21,301,6.98,7.19
amex_platinum,sub_issue,fees,treated,2024-11-01,-10,28,301,9.3,8.17
amex_platinum,sub_issue,fees,treated,2024-12-01,-9,26,313,8.31,8.2
amex_platinum,sub_issue,fees,treated,2025-01-01,-8,28,437,6.41,7.8
amex_platinum,sub_issue,fees,treated,2025-02-01,-7,26,336,7.74,7.37
amex_platinum,sub_issue,fees,treated,2025-03-01,-6,28,313,8.95,7.55
amex_platinum,sub_issue,fees,treated,2025-04-01,-5,23,338,6.8,7.8
amex_platinum,sub_issue,fees,treated,2025-05-01,-4,40,426,9.39,8.45
amex_platinum,sub_issue,fees,treated,2025-06-01,-3,31,429,7.23,7.88
amex_platinum,sub_issue,fees,treated,2025-07-01,-2,27,413,6.54,7.73
amex_platinum,sub_issue,fees,treated,2025-08-01,-1,29,372,7.8,7.17
amex_platinum,sub_issue,fees,treated,2025-09-01,0,28,409,6.85,7.04
amex_platinum,sub_issue,fees,treated,2025-10-01,1,19,433,4.39,6.26
amex_platinum,sub_issue,fees,treated,2025-11-01,2,25,383,6.53,5.88
amex_platinum,sub_issue,fees,treated,2025-12-01,3,26,425,6.12,5.64
amex_platinum,sub_issue,fees,treated,2026-01-01,4,28,507,5.52,6.01
amex_platinum,sub_issue,fees,treated,2026-02-01,5,25,422,5.92,5.83
amex_platinum,sub_issue,fees,treated,2026-03-01,6,31,523,5.93,5.79
amex_platinum,sub_issue,fees,treated,2026-04-01,7,20,577,3.47,4.99
amex_platinum,sub_issue,fees,treated,2026-05-01,8,29,503,5.77,4.99
amex_platinum,sub_issue,fees,treated,2026-06-01,9,34,469,7.25,5.36
amex_platinum,sub_issue,fees,treated,2026-07-01,10,45,527,8.54,7.2
amex_platinum,sub_issue,fees,treated,2026-08-01,11,34,497,6.84,7.57
amex_platinum,sub_issue,fees,comparison,2024-03-01,-18,147,2121,6.93,6.85
amex_platinum,sub_issue,fees,comparison,2024-04-01,-17,162,2138,7.58,7.18
amex_platinum,sub_issue,fees,comparison,2024-05-01,-16,185,2108,8.78,7.76
amex_platinum,sub_issue,fees,comparison,2024-06-01,-15,164,1857,8.83,8.37
amex_platinum,sub_issue,fees,comparison,2024-07-01,-14,169,2082,8.12,8.57
amex_platinum,sub_issue,fees,comparison,2024-08-01,-13,188,2180,8.62,8.51
amex_platinum,sub_issue,fees,comparison,2024-09-01,-12,188,2142,8.78,8.51
amex_platinum,sub_issue,fees,comparison,2024-10-01,-11,143,2110,6.78,8.07
amex_platinum,sub_issue,fees,comparison,2024-11-01,-10,156,1991,7.84,7.8
amex_platinum,sub_issue,fees,comparison,2024-12-01,-9,150,2144,7.0,7.19
amex_platinum,sub_issue,fees,comparison,2025-01-01,-8,227,2889,7.86,7.59
amex_platinum,sub_issue,fees,comparison,2025-02-01,-7,147,2251,6.53,7.19
amex_platinum,sub_issue,fees,comparison,2025-03-01,-6,173,2305,7.51,7.35
amex_platinum,sub_issue,fees,comparison,2025-04-01,-5,130,2268,5.73,6.59
amex_platinum,sub_issue,fees,comparison,2025-05-01,-4,168,2526,6.65,6.63
amex_platinum,sub_issue,fees,comparison,2025-06-01,-3,165,2553,6.46,6.3
amex_platinum,sub_issue,fees,comparison,2025-07-01,-2,181,2834,6.39,6.5
amex_platinum,sub_issue,fees,comparison,2025-08-01,-1,148,2639,5.61,6.15
amex_platinum,sub_issue,fees,comparison,2025-09-01,0,166,2837,5.85,5.96
amex_platinum,sub_issue,fees,comparison,2025-10-01,1,169,2564,6.59,6.01
amex_platinum,sub_issue,fees,comparison,2025-11-01,2,199,2881,6.91,6.45
amex_platinum,sub_issue,fees,comparison,2025-12-01,3,256,3538,7.24,6.95
amex_platinum,sub_issue,fees,comparison,2026-01-01,4,255,4076,6.26,6.77
amex_platinum,sub_issue,fees,comparison,2026-02-01,5,233,3301,7.06,6.82
amex_platinum,sub_issue,fees,comparison,2026-03-01,6,231,3643,6.34,6.52
amex_platinum,sub_issue,fees,comparison,2026-04-01,7,204,3708,5.5,6.27
amex_platinum,sub_issue,fees,comparison,2026-05-01,8,250,3584,6.98,6.26
amex_platinum,sub_issue,fees,comparison,2026-06-01,9,234,3476,6.73,6.39
amex_platinum,sub_issue,fees,comparison,2026-07-01,10,250,3745,6.68,6.79
amex_platinum,sub_issue,fees,comparison,2026-08-01,11,269,3870,6.95,6.79
amex_platinum,sub_issue,rewards,treated,2024-03-01,-18,10,391,2.56,3.64
amex_platinum,sub_issue,rewards,treated,2024-04-01,-17,6,388,1.55,2.77
amex_platinum,sub_issue,rewards,treated,2024-05-01,-16,18,308,5.84,3.13
amex_platinum,sub_issue,rewards,treated,2024-06-01,-15,6,260,2.31,3.14
amex_platinum,sub_issue,rewards,treated,2024-07-01,-14,19,307,6.19,4.91
amex_platinum,sub_issue,rewards,treated,2024-08-01,-13,14,313,4.47,4.43
amex_platinum,sub_issue,rewards,treated,2024-09-01,-12,22,304,7.24,5.95
amex_platinum,sub_issue,rewards,treated,2024-10-01,-11,16,301,5.32,5.66
amex_platinum,sub_issue,rewards,treated,2024-11-01,-10,14,301,4.65,5.74
amex_platinum,sub_issue,rewards,treated,2024-12-01,-9,18,313,5.75,5.25
amex_platinum,sub_issue,rewards,treated,2025-01-01,-8,33,437,7.55,6.18
amex_platinum,sub_issue,rewards,treated,2025-02-01,-7,21,336,6.25,6.63
amex_platinum,sub_issue,rewards,treated,2025-03-01,-6,19,313,6.07,6.72
amex_platinum,sub_issue,rewards,treated,2025-04-01,-5,19,338,5.62,5.98
amex_platinum,sub_issue,rewards,treated,2025-05-01,-4,28,426,6.57,6.13
amex_platinum,sub_issue,rewards,treated,2025-06-01,-3,23,429,5.36,5.87
amex_platinum,sub_issue,rewards,treated,2025-07-01,-2,30,413,7.26,6.39
amex_platinum,sub_issue,rewards,treated,2025-08-01,-1,32,372,8.6,7.0
amex_platinum,sub_issue,rewards,treated,2025-09-01,0,22,409,5.38,7.04
amex_platinum,sub_issue,rewards,treated,2025-10-01,1,32,433,7.39,7.08
amex_platinum,sub_issue,rewards,treated,2025-11-01,2,24,383,6.27,6.37
amex_platinum,sub_issue,rewards,treated,2025-12-01,3,16,425,3.76,5.8
amex_platinum,sub_issue,rewards,treated,2026-01-01,4,35,507,6.9,5.7
amex_platinum,sub_issue,rewards,treated,2026-02-01,5,43,422,10.19,6.94
amex_platinum,sub_issue,rewards,treated,2026-03-01,6,42,523,8.03,8.26
amex_platinum,sub_issue,rewards,treated,2026-04-01,7,40,577,6.93,8.21
amex_platinum,sub_issue,rewards,treated,2026-05-01,8,35,503,6.96,7.3
amex_platinum,sub_issue,rewards,treated,2026-06-01,9,45,469,9.59,7.75
amex_platinum,sub_issue,rewards,treated,2026-07-01,10,44,527,8.35,8.27
amex_platinum,sub_issue,rewards,treated,2026-08-01,11,32,497,6.44,8.1
amex_platinum,sub_issue,rewards,comparison,2024-03-01,-18,42,2121,1.98,2.21
amex_platinum,sub_issue,rewards,comparison,2024-04-01,-17,52,2138,2.43,2.1
amex_platinum,sub_issue,rewards,comparison,2024-05-01,-16,31,2108,1.47,1.96
amex_platinum,sub_issue,rewards,comparison,2024-06-01,-15,47,1857,2.53,2.13
amex_platinum,sub_issue,rewards,comparison,2024-07-01,-14,40,2082,1.92,1.95
amex_platinum,sub_issue,rewards,comparison,2024-08-01,-13,31,2180,1.42,1.93
amex_platinum,sub_issue,rewards,comparison,2024-09-01,-12,48,2142,2.24,1.86
amex_platinum,sub_issue,rewards,comparison,2024-10-01,-11,51,2110,2.42,2.02
amex_platinum,sub_issue,rewards,comparison,2024-11-01,-10,46,1991,2.31,2.32
amex_platinum,sub_issue,rewards,comparison,2024-12-01,-9,54,2144,2.52,2.42
amex_platinum,sub_issue,rewards,comparison,2025-01-01,-8,61,2889,2.11,2.29
amex_platinum,sub_issue,rewards,comparison,2025-02-01,-7,79,2251,3.51,2.66
amex_platinum,sub_issue,rewards,comparison,2025-03-01,-6,58,2305,2.52,2.66
amex_platinum,sub_issue,rewards,comparison,2025-04-01,-5,61,2268,2.69,2.9
amex_platinum,sub_issue,rewards,comparison,2025-05-01,-4,55,2526,2.18,2.45
amex_platinum,sub_issue,rewards,comparison,2025-06-01,-3,47,2553,1.84,2.22
amex_platinum,sub_issue,rewards,comparison,2025-07-01,-2,54,2834,1.91,1.97
amex_platinum,sub_issue,rewards,comparison,2025-08-01,-1,63,2639,2.39,2.04
amex_platinum,sub_issue,rewards,comparison,2025-09-01,0,55,2837,1.94,2.07
amex_platinum,sub_issue,rewards,comparison,2025-10-01,1,48,2564,1.87,2.06
amex_platinum,sub_issue,rewards,comparison,2025-11-01,2,75,2881,2.6,2.15
amex_platinum,sub_issue,rewards,comparison,2025-12-01,3,86,3538,2.43,2.33
amex_platinum,sub_issue,rewards,comparison,2026-01-01,4,105,4076,2.58,2.53
amex_platinum,sub_issue,rewards,comparison,2026-02-01,5,100,3301,3.03,2.67
amex_platinum,sub_issue,rewards,comparison,2026-03-01,6,92,3643,2.53,2.7
amex_platinum,sub_issue,rewards,comparison,2026-04-01,7,124,3708,3.34,2.97
amex_platinum,sub_issue,rewards,comparison,2026-05-01,8,101,3584,2.82,2.9
amex_platinum,sub_issue,rewards,comparison,2026-06-01,9,104,3476,2.99,3.06
amex_platinum,sub_issue,rewards,comparison,2026-07-01,10,135,3745,3.6,3.15
amex_platinum,sub_issue,rewards,comparison,2026-08-01,11,143,3870,3.7,3.44
amex_platinum,mention,annual_fee,treated,2024-03-01,-18,11,197,5.58,6.4
amex_platinum,mention,annual_fee,treated,2024-04-01,-17,10,201,4.98,5.96
amex_platinum,mention,annual_fee,treated,2024-05-01,-16,16,176,9.09,6.45
amex_platinum,mention,annual_fee,treated,2024-06-01,-15,6,155,3.87,6.02
amex_platinum,mention,annual_fee,treated,2024-07-01,-14,15,168,8.93,7.41
amex_platinum,mention,annual_fee,treated,2024-08-01,-13,16,173,9.25,7.46
amex_platinum,mention,annual_fee,treated,2024-09-01,-12,12,158,7.59,8.62
amex_platinum,mention,annual_fee,treated,2024-10-01,-11,12,165,7.27,8.06
amex_platinum,mention,annual_fee,treated,2024-11-01,-10,17,154,11.04,8.6
amex_platinum,mention,annual_fee,treated,2024-12-01,-9,17,177,9.6,9.27
amex_platinum,mention,annual_fee,treated,2025-01-01,-8,16,264,6.06,8.4
amex_platinum,mention,annual_fee,treated,2025-02-01,-7,12,175,6.86,7.31
amex_platinum,mention,annual_fee,treated,2025-03-01,-6,20,181,11.05,7.74
amex_platinum,mention,annual_fee,treated,2025-04-01,-5,14,201,6.97,8.26
amex_platinum,mention,annual_fee,treated,2025-05-01,-4,43,259,16.6,12.01
amex_platinum,mention,annual_fee,treated,2025-06-01,-3,40,269,14.87,13.31
amex_platinum,mention,annual_fee,treated,2025-07-01,-2,25,246,10.16,13.95
amex_platinum,mention,annual_fee,treated,2025-08-01,-1,32,205,15.61,13.47
amex_platinum,mention,annual_fee,treated,2025-09-01,0,15,212,7.08,10.86
amex_platinum,mention,annual_fee,treated,2025-10-01,1,27,213,12.68,11.75
amex_platinum,mention,annual_fee,treated,2025-11-01,2,28,214,13.08,10.95
amex_platinum,mention,annual_fee,treated,2025-12-01,3,30,172,17.44,14.19
amex_platinum,mention,annual_fee,treated,2026-01-01,4,19,216,8.8,12.79
amex_platinum,mention,annual_fee,treated,2026-02-01,5,11,114,9.65,11.95
amex_platinum,mention,annual_fee,treated,2026-03-01,6,14,218,6.42,8.03
amex_platinum,mention,annual_fee,treated,2026-04-01,7,22,254,8.66,8.02
amex_platinum,mention,annual_fee,treated,2026-05-01,8,19,191,9.95,8.3
amex_platinum,mention,annual_fee,treated,2026-06-01,9,21,195,10.77,9.69
amex_platinum,mention,annual_fee,treated,2026-07-01,10,14,104,13.46,11.02
amex_platinum,mention,annual_fee,comparison,2024-03-01,-18,12,1136,1.06,1.24
amex_platinum,mention,annual_fee,comparison,2024-04-01,-17,17,1158,1.47,1.25
amex_platinum,mention,annual_fee,comparison,2024-05-01,-16,19,1176,1.62,1.38
amex_platinum,mention,annual_fee,comparison,2024-06-01,-15,9,1019,0.88,1.34
amex_platinum,mention,annual_fee,comparison,2024-07-01,-14,22,1179,1.87,1.48
amex_platinum,mention,annual_fee,comparison,2024-08-01,-13,19,1204,1.58,1.47
amex_platinum,mention,annual_fee,comparison,2024-09-01,-12,12,1201,1.0,1.48
amex_platinum,mention,annual_fee,comparison,2024-10-01,-11,19,1145,1.66,1.41
amex_platinum,mention,annual_fee,comparison,2024-11-01,-10,18,1122,1.6,1.41
amex_platinum,mention,annual_fee,comparison,2024-12-01,-9,18,1239,1.45,1.57
amex_platinum,mention,annual_fee,comparison,2025-01-01,-8,30,1632,1.84,1.65
amex_platinum,mention,annual_fee,comparison,2025-02-01,-7,19,1218,1.56,1.64
amex_platinum,mention,annual_fee,comparison,2025-03-01,-6,14,1291,1.08,1.52
amex_platinum,mention,annual_fee,comparison,2025-04-01,-5,19,1257,1.51,1.38
amex_platinum,mention,annual_fee,comparison,2025-05-01,-4,26,1480,1.76,1.46
amex_platinum,mention,annual_fee,comparison,2025-06-01,-3,21,1465,1.43,1.57
amex_platinum,mention,annual_fee,comparison,2025-07-01,-2,21,1641,1.28,1.48
amex_platinum,mention,annual_fee,comparison,2025-08-01,-1,26,1546,1.68,1.46
amex_platinum,mention,annual_fee,comparison,2025-09-01,0,22,1533,1.44,1.46
amex_platinum,mention,annual_fee,comparison,2025-10-01,1,53,1337,3.96,2.29
amex_platinum,mention,annual_fee,comparison,2025-11-01,2,54,1635,3.3,2.86
amex_platinum,mention,annual_fee,comparison,2025-12-01,3,24,1481,1.62,2.94
amex_platinum,mention,annual_fee,comparison,2026-01-01,4,29,1756,1.65,2.2
amex_platinum,mention,annual_fee,comparison,2026-02-01,5,19,904,2.1,1.74
amex_platinum,mention,annual_fee,comparison,2026-03-01,6,26,1465,1.77,1.79
amex_platinum,mention,annual_fee,comparison,2026-04-01,7,29,1628,1.78,1.85
amex_platinum,mention,annual_fee,comparison,2026-05-01,8,40,1392,2.87,2.12
amex_platinum,mention,annual_fee,comparison,2026-06-01,9,36,1305,2.76,2.43
amex_platinum,mention,annual_fee,comparison,2026-07-01,10,23,916,2.51,2.74
amex_platinum,mention,statement_credit,treated,2024-03-01,-18,0,197,0.0,0.84
amex_platinum,mention,statement_credit,treated,2024-04-01,-17,0,201,0.0,0.34
amex_platinum,mention,statement_credit,treated,2024-05-01,-16,6,176,3.41,1.05
amex_platinum,mention,statement_credit,treated,2024-06-01,-15,4,155,2.58,1.88
amex_platinum,mention,statement_credit,treated,2024-07-01,-14,4,168,2.38,2.81
amex_platinum,mention,statement_credit,treated,2024-08-01,-13,1,173,0.58,1.81
amex_platinum,mention,statement_credit,treated,2024-09-01,-12,6,158,3.8,2.2
amex_platinum,mention,statement_credit,treated,2024-10-01,-11,3,165,1.82,2.02
amex_platinum,mention,statement_credit,treated,2024-11-01,-10,3,154,1.95,2.52
amex_platinum,mention,statement_credit,treated,2024-12-01,-9,6,177,3.39,2.42
amex_platinum,mention,statement_credit,treated,2025-01-01,-8,14,264,5.3,3.87
amex_platinum,mention,statement_credit,treated,2025-02-01,-7,5,175,2.86,4.06
amex_platinum,mention,statement_credit,treated,2025-03-01,-6,6,181,3.31,4.03
amex_platinum,mention,statement_credit,treated,2025-04-01,-5,8,201,3.98,3.41
amex_platinum,mention,statement_credit,treated,2025-05-01,-4,6,259,2.32,3.12
amex_platinum,mention,statement_credit,treated,2025-06-01,-3,4,269,1.49,2.47
amex_platinum,mention,statement_credit,treated,2025-07-01,-2,6,246,2.44,2.07
amex_platinum,mention,statement_credit,treated,2025-08-01,-1,7,205,3.41,2.36
amex_platinum,mention,statement_credit,treated,2025-09-01,0,9,212,4.25,3.32
amex_platinum,mention,statement_credit,treated,2025-10-01,1,14,213,6.57,4.76
amex_platinum,mention,statement_credit,treated,2025-11-01,2,5,214,2.34,4.38
amex_platinum,mention,statement_credit,treated,2025-12-01,3,11,172,6.4,5.01
amex_platinum,mention,statement_credit,treated,2026-01-01,4,13,216,6.02,4.82
amex_platinum,mention,statement_credit,treated,2026-02-01,5,5,114,4.39,5.78
amex_platinum,mention,statement_credit,treated,2026-03-01,6,5,218,2.29,4.2
amex_platinum,mention,statement_credit,treated,2026-04-01,7,7,254,2.76,2.9
amex_platinum,mention,statement_credit,treated,2026-05-01,8,12,191,6.28,3.62
amex_platinum,mention,statement_credit,treated,2026-06-01,9,6,195,3.08,3.91
amex_platinum,mention,statement_credit,treated,2026-07-01,10,7,104,6.73,5.1
amex_platinum,mention,statement_credit,comparison,2024-03-01,-18,5,1136,0.44,0.62
amex_platinum,mention,statement_credit,comparison,2024-04-01,-17,7,1158,0.6,0.6
amex_platinum,mention,statement_credit,comparison,2024-05-01,-16,12,1176,1.02,0.69
amex_platinum,mention,statement_credit,comparison,2024-06-01,-15,10,1019,0.98,0.86
amex_platinum,mention,statement_credit,comparison,2024-07-01,-14,4,1179,0.34,0.77
amex_platinum,mention,statement_credit,comparison,2024-08-01,-13,9,1204,0.75,0.68
amex_platinum,mention,statement_credit,comparison,2024-09-01,-12,7,1201,0.58,0.56
amex_platinum,mention,statement_credit,comparison,2024-10-01,-11,5,1145,0.44,0.59
amex_platinum,mention,statement_credit,comparison,2024-11-01,-10,7,1122,0.62,0.55
amex_platinum,mention,statement_credit,comparison,2024-12-01,-9,6,1239,0.48,0.51
amex_platinum,mention,statement_credit,comparison,2025-01-01,-8,8,1632,0.49,0.53
amex_platinum,mention,statement_credit,comparison,2025-02-01,-7,7,1218,0.57,0.51
amex_platinum,mention,statement_credit,comparison,2025-03-01,-6,5,1291,0.39,0.48
amex_platinum,mention,statement_credit,comparison,2025-04-01,-5,6,1257,0.48,0.48
amex_platinum,mention,statement_credit,comparison,2025-05-01,-4,10,1480,0.68,0.52
amex_platinum,mention,statement_credit,comparison,2025-06-01,-3,5,1465,0.34,0.5
amex_platinum,mention,statement_credit,comparison,2025-07-01,-2,8,1641,0.49,0.5
amex_platinum,mention,statement_credit,comparison,2025-08-01,-1,6,1546,0.39,0.41
amex_platinum,mention,statement_credit,comparison,2025-09-01,0,9,1533,0.59,0.49
amex_platinum,mention,statement_credit,comparison,2025-10-01,1,9,1337,0.67,0.54
amex_platinum,mention,statement_credit,comparison,2025-11-01,2,4,1635,0.24,0.49
amex_platinum,mention,statement_credit,comparison,2025-12-01,3,9,1481,0.61,0.49
amex_platinum,mention,statement_credit,comparison,2026-01-01,4,14,1756,0.8,0.55
amex_platinum,mention,statement_credit,comparison,2026-02-01,5,7,904,0.77,0.72
amex_platinum,mention,statement_credit,comparison,2026-03-01,6,19,1465,1.3,0.97
amex_platinum,mention,statement_credit,comparison,2026-04-01,7,20,1628,1.23,1.15
amex_platinum,mention,statement_credit,comparison,2026-05-01,8,7,1392,0.5,1.03
amex_platinum,mention,statement_credit,comparison,2026-06-01,9,14,1305,1.07,0.95
amex_platinum,mention,statement_credit,comparison,2026-07-01,10,18,916,1.97,1.08
amex_platinum,theme,membership_value,treated,2024-03-01,-18,20,197,10.15,17.35
amex_platinum,theme,membership_value,treated,2024-04-01,-17,41,198,20.71,17.1
amex_platinum,theme,membership_value,treated,2024-05-01,-16,43,175,24.57,18.25
amex_platinum,theme,membership_value,treated,2024-06-01,-15,28,154,18.18,21.25
amex_platinum,theme,membership_value,treated,2024-07-01,-14,49,167,29.34,24.19
amex_platinum,theme,membership_value,treated,2024-08-01,-13,40,172,23.26,23.73
amex_platinum,theme,membership_value,treated,2024-09-01,-12,36,157,22.93,25.2
amex_platinum,theme,membership_value,treated,2024-10-01,-11,37,164,22.56,22.92
amex_platinum,theme,membership_value,treated,2024-11-01,-10,39,154,25.32,23.58
amex_platinum,theme,membership_value,treated,2024-12-01,-9,51,177,28.81,25.66
amex_platinum,theme,membership_value,treated,2025-01-01,-8,61,263,23.19,25.42
amex_platinum,theme,membership_value,treated,2025-02-01,-7,36,173,20.81,24.14
amex_platinum,theme,membership_value,treated,2025-03-01,-6,60,177,33.9,25.61
amex_platinum,theme,membership_value,treated,2025-04-01,-5,37,200,18.5,24.18
amex_platinum,theme,membership_value,treated,2025-05-01,-4,78,259,30.12,27.52
amex_platinum,theme,membership_value,treated,2025-06-01,-3,70,269,26.02,25.41
amex_platinum,theme,membership_value,treated,2025-07-01,-2,70,243,28.81,28.27
amex_platinum,theme,membership_value,treated,2025-08-01,-1,59,205,28.78,27.75
amex_platinum,theme,membership_value,treated,2025-09-01,0,45,211,21.33,26.4
amex_platinum,theme,membership_value,treated,2025-10-01,1,54,213,25.35,25.12
amex_platinum,theme,membership_value,treated,2025-11-01,2,49,214,22.9,23.2
amex_platinum,theme,membership_value,treated,2025-12-01,3,40,170,23.53,23.95
amex_platinum,theme,membership_value,treated,2026-01-01,4,55,216,25.46,24.0
amex_platinum,theme,membership_value,treated,2026-02-01,5,27,114,23.68,24.4
amex_platinum,theme,membership_value,treated,2026-03-01,6,54,216,25.0,24.91
amex_platinum,theme,membership_value,treated,2026-04-01,7,76,253,30.04,26.93
amex_platinum,theme,membership_value,treated,2026-05-01,8,58,191,30.37,28.48
amex_platinum,theme,membership_value,treated,2026-06-01,9,56,195,28.72,29.73
amex_platinum,theme,membership_value,treated,2026-07-01,10,35,103,33.98,30.47
amex_platinum,theme,membership_value,comparison,2024-03-01,-18,58,1123,5.16,5.4
amex_platinum,theme,membership_value,comparison,2024-04-01,-17,67,1145,5.85,5.38
amex_platinum,theme,membership_value,comparison,2024-05-01,-16,71,1160,6.12,5.72
amex_platinum,theme,membership_value,comparison,2024-06-01,-15,68,1003,6.78,6.23
amex_platinum,theme,membership_value,comparison,2024-07-01,-14,78,1171,6.66,6.51
amex_platinum,theme,membership_value,comparison,2024-08-01,-13,59,1184,4.98,6.1
amex_platinum,theme,membership_value,comparison,2024-09-01,-12,58,1189,4.88,5.5
amex_platinum,theme,membership_value,comparison,2024-10-01,-11,68,1133,6.0,5.28
amex_platinum,theme,membership_value,comparison,2024-11-01,-10,67,1106,6.06,5.63
amex_platinum,theme,membership_value,comparison,2024-12-01,-9,68,1228,5.54,5.86
amex_platinum,theme,membership_value,comparison,2025-01-01,-8,88,1611,5.46,5.65
amex_platinum,theme,membership_value,comparison,2025-02-01,-7,82,1210,6.78,5.88
amex_platinum,theme,membership_value,comparison,2025-03-01,-6,65,1280,5.08,5.73
amex_platinum,theme,membership_value,comparison,2025-04-01,-5,69,1243,5.55,5.79
amex_platinum,theme,membership_value,comparison,2025-05-01,-4,80,1466,5.46,5.36
amex_platinum,theme,membership_value,comparison,2025-06-01,-3,76,1450,5.24,5.41
amex_platinum,theme,membership_value,comparison,2025-07-01,-2,82,1621,5.06,5.25
amex_platinum,theme,membership_value,comparison,2025-08-01,-1,94,1528,6.15,5.48
amex_platinum,theme,membership_value,comparison,2025-09-01,0,86,1518,5.67,5.61
amex_platinum,theme,membership_value,comparison,2025-10-01,1,69,1326,5.2,5.7
amex_platinum,theme,membership_value,comparison,2025-11-01,2,94,1617,5.81,5.58
amex_platinum,theme,membership_value,comparison,2025-12-01,3,84,1475,5.69,5.59
amex_platinum,theme,membership_value,comparison,2026-01-01,4,111,1744,6.36,5.98
amex_platinum,theme,membership_value,comparison,2026-02-01,5,46,896,5.13,5.86
amex_platinum,theme,membership_value,comparison,2026-03-01,6,103,1454,7.08,6.35
amex_platinum,theme,membership_value,comparison,2026-04-01,7,122,1621,7.53,6.82
amex_platinum,theme,membership_value,comparison,2026-05-01,8,88,1386,6.35,7.02
amex_platinum,theme,membership_value,comparison,2026-06-01,9,104,1299,8.01,7.29
amex_platinum,theme,membership_value,comparison,2026-07-01,10,83,913,9.09,7.64
amex_platinum,theme,annual_fee,treated,2024-03-01,-18,7,197,3.55,4.25
amex_platinum,theme,annual_fee,treated,2024-04-01,-17,6,198,3.03,3.8
amex_platinum,theme,annual_fee,treated,2024-05-01,-16,10,175,5.71,4.04
amex_platinum,theme,annual_fee,treated,2024-06-01,-15,4,154,2.6,3.8
amex_platinum,theme,annual_fee,treated,2024-07-01,-14,6,167,3.59,4.03
amex_platinum,theme,annual_fee,treated,2024-08-01,-13,9,172,5.23,3.85
amex_platinum,theme,annual_fee,treated,2024-09-01,-12,7,157,4.46,4.44
amex_platinum,theme,annual_fee,treated,2024-10-01,-11,9,164,5.49,5.07
amex_platinum,theme,annual_fee,treated,2024-11-01,-10,9,154,5.84,5.26
amex_platinum,theme,annual_fee,treated,2024-12-01,-9,8,177,4.52,5.25
amex_platinum,theme,annual_fee,treated,2025-01-01,-8,5,263,1.9,3.7
amex_platinum,theme,annual_fee,treated,2025-02-01,-7,7,173,4.05,3.26
amex_platinum,theme,annual_fee,treated,2025-03-01,-6,10,177,5.65,3.59
amex_platinum,theme,annual_fee,treated,2025-04-01,-5,6,200,3.0,4.18
amex_platinum,theme,annual_fee,treated,2025-05-01,-4,25,259,9.65,6.45
amex_platinum,theme,annual_fee,treated,2025-06-01,-3,21,269,7.81,7.14
amex_platinum,theme,annual_fee,treated,2025-07-01,-2,11,243,4.53,7.39
amex_platinum,theme,annual_fee,treated,2025-08-01,-1,13,205,6.34,6.28
amex_platinum,theme,annual_fee,treated,2025-09-01,0,6,211,2.84,4.55
amex_platinum,theme,annual_fee,treated,2025-10-01,1,8,213,3.76,4.29
amex_platinum,theme,annual_fee,treated,2025-11-01,2,15,214,7.01,4.55
amex_platinum,theme,annual_fee,treated,2025-12-01,3,9,170,5.29,5.36
amex_platinum,theme,annual_fee,treated,2026-01-01,4,7,216,3.24,5.17
amex_platinum,theme,annual_fee,treated,2026-02-01,5,5,114,4.39,4.2
amex_platinum,theme,annual_fee,treated,2026-03-01,6,6,216,2.78,3.3
amex_platinum,theme,annual_fee,treated,2026-04-01,7,9,253,3.56,3.43
amex_platinum,theme,annual_fee,treated,2026-05-01,8,7,191,3.66,3.33
amex_platinum,theme,annual_fee,treated,2026-06-01,9,11,195,5.64,4.23
amex_platinum,theme,annual_fee,treated,2026-07-01,10,9,103,8.74,5.52
amex_platinum,theme,annual_fee,comparison,2024-03-01,-18,8,1123,0.71,0.6
amex_platinum,theme,annual_fee,comparison,2024-04-01,-17,12,1145,1.05,0.73
amex_platinum,theme,annual_fee,comparison,2024-05-01,-16,12,1160,1.03,0.93
amex_platinum,theme,annual_fee,comparison,2024-06-01,-15,6,1003,0.6,0.91
amex_platinum,theme,annual_fee,comparison,2024-07-01,-14,9,1171,0.77,0.81
amex_platinum,theme,annual_fee,comparison,2024-08-01,-13,7,1184,0.59,0.66
amex_platinum,theme,annual_fee,comparison,2024-09-01,-12,6,1189,0.5,0.62
amex_platinum,theme,annual_fee,comparison,2024-10-01,-11,7,1133,0.62,0.57
amex_platinum,theme,annual_fee,comparison,2024-11-01,-10,7,1106,0.63,0.58
amex_platinum,theme,annual_fee,comparison,2024-12-01,-9,9,1228,0.73,0.66
amex_platinum,theme,annual_fee,comparison,2025-01-01,-8,10,1611,0.62,0.66
amex_platinum,theme,annual_fee,comparison,2025-02-01,-7,6,1210,0.5,0.62
amex_platinum,theme,annual_fee,comparison,2025-03-01,-6,7,1280,0.55,0.56
amex_platinum,theme,annual_fee,comparison,2025-04-01,-5,5,1243,0.4,0.48
amex_platinum,theme,annual_fee,comparison,2025-05-01,-4,9,1466,0.61,0.53
amex_platinum,theme,annual_fee,comparison,2025-06-01,-3,8,1450,0.55,0.53
amex_platinum,theme,annual_fee,comparison,2025-07-01,-2,10,1621,0.62,0.6
amex_platinum,theme,annual_fee,comparison,2025-08-01,-1,11,1528,0.72,0.63
amex_platinum,theme,annual_fee,comparison,2025-09-01,0,10,1518,0.66,0.66
amex_platinum,theme,annual_fee,comparison,2025-10-01,1,7,1326,0.53,0.64
amex_platinum,theme,annual_fee,comparison,2025-11-01,2,16,1617,0.99,0.74
amex_platinum,theme,annual_fee,comparison,2025-12-01,3,9,1475,0.61,0.72
amex_platinum,theme,annual_fee,comparison,2026-01-01,4,13,1744,0.75,0.79
amex_platinum,theme,annual_fee,comparison,2026-02-01,5,9,896,1.0,0.75
amex_platinum,theme,annual_fee,comparison,2026-03-01,6,11,1454,0.76,0.81
amex_platinum,theme,annual_fee,comparison,2026-04-01,7,11,1621,0.68,0.78
amex_platinum,theme,annual_fee,comparison,2026-05-01,8,11,1386,0.79,0.74
amex_platinum,theme,annual_fee,comparison,2026-06-01,9,15,1299,1.15,0.86
amex_platinum,theme,annual_fee,comparison,2026-07-01,10,14,913,1.53,1.11
amex_platinum,mention,refreshed_card_named,treated,2024-03-01,-18,13,197,6.6,7.24
amex_platinum,mention,refreshed_card_named,treated,2024-04-01,-17,13,201,6.47,7.16
amex_platinum,mention,refreshed_card_named,treated,2024-05-01,-16,13,176,7.39,6.79
amex_platinum,mention,refreshed_card_named,treated,2024-06-01,-15,11,155,7.1,6.95
amex_platinum,mention,refreshed_card_named,treated,2024-07-01,-14,14,168,8.33,7.62
amex_platinum,mention,refreshed_card_named,treated,2024-08-01,-13,13,173,7.51,7.66
amex_platinum,mention,refreshed_card_named,treated,2024-09-01,-12,9,158,5.7,7.21
amex_platinum,mention,refreshed_card_named,treated,2024-10-01,-11,14,165,8.48,7.26
amex_platinum,mention,refreshed_card_named,treated,2024-11-01,-10,13,154,8.44,7.55
amex_platinum,mention,refreshed_card_named,treated,2024-12-01,-9,10,177,5.65,7.46
amex_platinum,mention,refreshed_card_named,treated,2025-01-01,-8,17,264,6.44,6.72
amex_platinum,mention,refreshed_card_named,treated,2025-02-01,-7,8,175,4.57,5.68
amex_platinum,mention,refreshed_card_named,treated,2025-03-01,-6,12,181,6.63,5.97
amex_platinum,mention,refreshed_card_named,treated,2025-04-01,-5,9,201,4.48,5.21
amex_platinum,mention,refreshed_card_named,treated,2025-05-01,-4,19,259,7.34,6.24
amex_platinum,mention,refreshed_card_named,treated,2025-06-01,-3,16,269,5.95,6.04
amex_platinum,mention,refreshed_card_named,treated,2025-07-01,-2,14,246,5.69,6.33
amex_platinum,mention,refreshed_card_named,treated,2025-08-01,-1,12,205,5.85,5.83
amex_platinum,mention,refreshed_card_named,treated,2025-09-01,0,10,212,4.72,5.43
amex_platinum,mention,refreshed_card_named,treated,2025-10-01,1,13,213,6.1,5.56
amex_platinum,mention,refreshed_card_named,treated,2025-11-01,2,11,214,5.14,5.32
amex_platinum,mention,refreshed_card_named,treated,2025-12-01,3,14,172,8.14,6.34
amex_platinum,mention,refreshed_card_named,treated,2026-01-01,4,12,216,5.56,6.15
amex_platinum,mention,refreshed_card_named,treated,2026-02-01,5,6,114,5.26,6.37
amex_platinum,mention,refreshed_card_named,treated,2026-03-01,6,6,218,2.75,4.38
amex_platinum,mention,refreshed_card_named,treated,2026-04-01,7,21,254,8.27,5.63
amex_platinum,mention,refreshed_card_named,treated,2026-05-01,8,11,191,5.76,5.73
amex_platinum,mention,refreshed_card_named,treated,2026-06-01,9,7,195,3.59,6.09
amex_platinum,mention,refreshed_card_named,treated,2026-07-01,10,5,104,4.81,4.69
