issuer,fiscal_year,metric,value,scope_label,source_title,source_url,quote,notes
American Express,2025,purchase_volume_usd_bn,707.5,"USCS: Billed business (billions)","American Express Co Form 10-K FY2025, Table 9: USCS Selected Statistical Information",https://www.sec.gov/Archives/edgar/data/4962/000000496226000080/axp-20251231.htm,"Billed business (billions) | $ 707.5 | $ 654.8 | $ 610.8 | 8 % | 7 %","U.S. Consumer Services segment only. Includes charge and credit cards. Billed business includes cash advances. Excludes small business and corporate cards (Commercial Services segment)."
American Express,2024,purchase_volume_usd_bn,654.8,"USCS: Billed business (billions)","American Express Co Form 10-K FY2025, Table 9: USCS Selected Statistical Information",https://www.sec.gov/Archives/edgar/data/4962/000000496226000080/axp-20251231.htm,"Billed business (billions) | $ 707.5 | $ 654.8 | $ 610.8 | 8 % | 7 %","Same scope as 2025 row."
American Express,2023,purchase_volume_usd_bn,610.8,"USCS: Billed business (billions)","American Express Co Form 10-K FY2025, Table 9: USCS Selected Statistical Information",https://www.sec.gov/Archives/edgar/data/4962/000000496226000080/axp-20251231.htm,"Billed business (billions) | $ 707.5 | $ 654.8 | $ 610.8 | 8 % | 7 %","Same scope as 2025 row. Value as presented in the FY2025 10-K."
American Express,2025,accounts_mn,48.3,"USCS: Proprietary cards-in-force","American Express Co Form 10-K FY2025, Table 9: USCS Selected Statistical Information",https://www.sec.gov/Archives/edgar/data/4962/000000496226000080/axp-20251231.htm,"Proprietary cards-in-force | 48.3 | 46.3 | 43.8 | 4 | 6","Cards, not accounts. Includes supplemental cards. Proprietary basic cards-in-force (excludes supplemental cards) were 34.1 / 32.5 / 30.7 for 2025 / 2024 / 2023."
American Express,2024,accounts_mn,46.3,"USCS: Proprietary cards-in-force","American Express Co Form 10-K FY2025, Table 9: USCS Selected Statistical Information",https://www.sec.gov/Archives/edgar/data/4962/000000496226000080/axp-20251231.htm,"Proprietary cards-in-force | 48.3 | 46.3 | 43.8 | 4 | 6","Cards, not accounts. Includes supplemental cards."
American Express,2023,accounts_mn,43.8,"USCS: Proprietary cards-in-force","American Express Co Form 10-K FY2025, Table 9: USCS Selected Statistical Information",https://www.sec.gov/Archives/edgar/data/4962/000000496226000080/axp-20251231.htm,"Proprietary cards-in-force | 48.3 | 46.3 | 43.8 | 4 | 6","Cards, not accounts. Includes supplemental cards."
American Express,2025,loans_usd_bn,100.171,"USCS: Card Member loans: Total loans","American Express Co Form 10-K FY2025, Table 9: USCS Selected Statistical Information",https://www.sec.gov/Archives/edgar/data/4962/000000496226000080/axp-20251231.htm,"Total loans | $ 100,171 | $ 92,632 | $ 83,207 | 8 | 11","Period end, USD millions in filing. Revolving loans only. Charge card balances sit in Card Member receivables and are not included here."
American Express,2024,loans_usd_bn,92.632,"USCS: Card Member loans: Total loans","American Express Co Form 10-K FY2025, Table 9: USCS Selected Statistical Information",https://www.sec.gov/Archives/edgar/data/4962/000000496226000080/axp-20251231.htm,"Total loans | $ 100,171 | $ 92,632 | $ 83,207 | 8 | 11","Period end. Revolving loans only."
American Express,2023,loans_usd_bn,83.207,"USCS: Card Member loans: Total loans","American Express Co Form 10-K FY2025, Table 9: USCS Selected Statistical Information",https://www.sec.gov/Archives/edgar/data/4962/000000496226000080/axp-20251231.htm,"Total loans | $ 100,171 | $ 92,632 | $ 83,207 | 8 | 11","Period end. Revolving loans only."
American Express,2025,loans_usd_bn,114.368,"USCS: Card Member loans and receivables","American Express Co Form 10-K FY2025, Table 9: USCS Selected Statistical Information",https://www.sec.gov/Archives/edgar/data/4962/000000496226000080/axp-20251231.htm,"Card Member loans and receivables | $ 114,368 | $ 107,051 | $ 97,996 | 7 | 9","Alternate loans row: loans plus charge card receivables (receivables alone 14,197). Do not sum with the Total loans row."
American Express,2024,loans_usd_bn,107.051,"USCS: Card Member loans and receivables","American Express Co Form 10-K FY2025, Table 9: USCS Selected Statistical Information",https://www.sec.gov/Archives/edgar/data/4962/000000496226000080/axp-20251231.htm,"Card Member loans and receivables | $ 114,368 | $ 107,051 | $ 97,996 | 7 | 9","Alternate loans row: loans plus charge card receivables (receivables alone 14,419). Do not sum with the Total loans row."
American Express,2023,loans_usd_bn,97.996,"USCS: Card Member loans and receivables","American Express Co Form 10-K FY2025, Table 9: USCS Selected Statistical Information",https://www.sec.gov/Archives/edgar/data/4962/000000496226000080/axp-20251231.htm,"Card Member loans and receivables | $ 114,368 | $ 107,051 | $ 97,996 | 7 | 9","Alternate loans row: loans plus charge card receivables (receivables alone 14,789). Do not sum with the Total loans row."
JPMorgan Chase,2025,purchase_volume_usd_bn,1354.7,"CCB Card Services: Sales volume, excluding commercial card","JPMorgan Chase & Co Form 10-K FY2025, CCB Selected metrics",https://www.sec.gov/Archives/edgar/data/19617/000162828026008131/jpm-20251231.htm,"Sales volume, excluding commercial card | $ 1,354.7 | $ 1,259.3 | $ 1,163.6","In billions. Credit card only (debit is reported separately inside 'Debit and credit card sales volume'). Glossary: 'Dollar amount of card member purchases, net of returns.' Commercial Card sits in CIB and is excluded. The filing does not say whether small business cards issued by Card Services are excluded; assume they are included."
JPMorgan Chase,2024,purchase_volume_usd_bn,1259.3,"CCB Card Services: Sales volume, excluding commercial card","JPMorgan Chase & Co Form 10-K FY2025, CCB Selected metrics",https://www.sec.gov/Archives/edgar/data/19617/000162828026008131/jpm-20251231.htm,"Sales volume, excluding commercial card | $ 1,354.7 | $ 1,259.3 | $ 1,163.6","Same scope as 2025 row. Also matches the 4Q25 earnings supplement full-year 2024 column."
JPMorgan Chase,2023,purchase_volume_usd_bn,1163.6,"CCB Card Services: Sales volume, excluding commercial card","JPMorgan Chase & Co Form 10-K FY2025, CCB Selected metrics",https://www.sec.gov/Archives/edgar/data/19617/000162828026008131/jpm-20251231.htm,"Sales volume, excluding commercial card | $ 1,354.7 | $ 1,259.3 | $ 1,163.6","Same scope as 2025 row."
JPMorgan Chase,2025,accounts_mn,116.5,"CCB Card Services: Cards in force (in millions)","JPMorgan Chase & Co Form 10-K FY2025, CCB Selected metrics",https://www.sec.gov/Archives/edgar/data/19617/000162828026008131/jpm-20251231.htm,"Cards in force (in millions)(f) | 116.5 | 111.7 | 106.8; (f)Represents the total number of open credit cards, inclusive of primary cardholders and authorized users.","Cards, not accounts. Counts open cards, including authorized users and inactive cards."
JPMorgan Chase,2024,accounts_mn,111.7,"CCB Card Services: Cards in force (in millions)","JPMorgan Chase & Co Form 10-K FY2025, CCB Selected metrics",https://www.sec.gov/Archives/edgar/data/19617/000162828026008131/jpm-20251231.htm,"Cards in force (in millions)(f) | 116.5 | 111.7 | 106.8","Cards, not accounts. Counts open cards, including authorized users."
JPMorgan Chase,2023,accounts_mn,106.8,"CCB Card Services: Cards in force (in millions)","JPMorgan Chase & Co Form 10-K FY2025, CCB Selected metrics",https://www.sec.gov/Archives/edgar/data/19617/000162828026008131/jpm-20251231.htm,"Cards in force (in millions)(f) | 116.5 | 111.7 | 106.8","Cards, not accounts. Counts open cards, including authorized users."
JPMorgan Chase,2025,loans_usd_bn,247.753,"CCB Selected balance sheet data (period-end): Loans: Card Services","JPMorgan Chase & Co Form 10-K FY2025, CCB Selected metrics",https://www.sec.gov/Archives/edgar/data/19617/000162828026008131/jpm-20251231.htm,"Card Services | 247,753 | 233,016 | 211,175","Period end, USD millions in filing."
JPMorgan Chase,2024,loans_usd_bn,233.016,"CCB Selected balance sheet data (period-end): Loans: Card Services","JPMorgan Chase & Co Form 10-K FY2025, CCB Selected metrics",https://www.sec.gov/Archives/edgar/data/19617/000162828026008131/jpm-20251231.htm,"Card Services | 247,753 | 233,016 | 211,175","Period end."
JPMorgan Chase,2023,loans_usd_bn,211.175,"CCB Selected balance sheet data (period-end): Loans: Card Services","JPMorgan Chase & Co Form 10-K FY2025, CCB Selected metrics",https://www.sec.gov/Archives/edgar/data/19617/000162828026008131/jpm-20251231.htm,"Card Services | 247,753 | 233,016 | 211,175","Period end."
Capital One,2025,purchase_volume_usd_bn,812.221,"Domestic Card Business: Purchase volume","Capital One Financial Corp Form 10-K FY2025, Table 8.1: Domestic Card Business Results",https://www.sec.gov/Archives/edgar/data/927628/000092762826000024/cof-20251231.htm,"Purchase volume | $ 812,221 | $ 639,341 | $ 605,664 | 27% | 6%","USD millions in filing. Includes Discover card purchase volume only from the May 18, 2025 closing date. Not pro forma, so 2025 is not like-for-like with 2024. Includes domestic small business card. Glossary: 'purchase transactions, net of returns, for the period, and excludes cash advance and balance transfer transactions.'"
Capital One,2024,purchase_volume_usd_bn,639.341,"Domestic Card Business: Purchase volume","Capital One Financial Corp Form 10-K FY2025, Table 8.1: Domestic Card Business Results",https://www.sec.gov/Archives/edgar/data/927628/000092762826000024/cof-20251231.htm,"Purchase volume | $ 812,221 | $ 639,341 | $ 605,664 | 27% | 6%","Legacy Capital One only (no Discover). Includes domestic small business card."
Capital One,2023,purchase_volume_usd_bn,605.664,"Domestic Card Business: Purchase volume","Capital One Financial Corp Form 10-K FY2025, Table 8.1: Domestic Card Business Results",https://www.sec.gov/Archives/edgar/data/927628/000092762826000024/cof-20251231.htm,"Purchase volume | $ 812,221 | $ 639,341 | $ 605,664 | 27% | 6%","Legacy Capital One only (no Discover). Includes domestic small business card."
Capital One,2025,loans_usd_bn,262.403,"Domestic Card Business: Selected period-end data: Loans held for investment","Capital One Financial Corp Form 10-K FY2025, Table 8.1: Domestic Card Business Results",https://www.sec.gov/Archives/edgar/data/927628/000092762826000024/cof-20251231.htm,"Loans held for investment | $ 262,403 | $ 155,618 | 69%","Period end. Includes acquired Discover card loans. Personal loans are reported on a separate line and are not in this figure."
Capital One,2024,loans_usd_bn,155.618,"Domestic Card Business: Selected period-end data: Loans held for investment","Capital One Financial Corp Form 10-K FY2025, Table 8.1: Domestic Card Business Results",https://www.sec.gov/Archives/edgar/data/927628/000092762826000024/cof-20251231.htm,"Loans held for investment | $ 262,403 | $ 155,618 | 69%","Period end. Legacy Capital One only."
Capital One,2023,loans_usd_bn,147.666,"Domestic Card Business: Selected period-end data: Loans held for investment","Capital One Financial Corp Form 10-K FY2024, Table 8.1: Domestic Card Business Results",https://www.sec.gov/Archives/edgar/data/927628/000092762825000092/cof-20241231.htm,"Loans held for investment | $ 155,618 | $ 147,666 | 5%","Period end. Taken from the FY2024 10-K because the FY2025 10-K shows only two period ends."
Citi,2025,purchase_volume_usd_bn,538,"USPB Branded Cards: Credit card spend volume","Citigroup Inc Form 10-K FY2025, U.S. Personal Banking key drivers",https://www.sec.gov/Archives/edgar/data/831001/000083100126000011/c-20251231.htm,"Branded Cards | Credit card spend volume | $ 538 | $ 516 | $ 497 | 4 % | 4 %","In billions, rounded to whole billions in the 10-K. The four quarters in the 4Q25 supplement (125.1, 135.8, 135.6, 141.9) sum to 538.4, which is my arithmetic and not a reported figure. Glossary: 'Dollar amount of card customers' gross purchases.'"
Citi,2024,purchase_volume_usd_bn,516.1,"USPB Branded Cards: Credit card spend volume (in billions of dollars)","Citigroup Inc Form 10-K FY2024, U.S. Personal Banking",https://www.sec.gov/Archives/edgar/data/831001/000083100125000067/c-20241231.htm,"Branded Cards | $ 516.1 | $ 497.4 | $ 474.6 | 4 % | 5 %","Taken from the FY2024 10-K for one decimal. FY2025 10-K shows the same year as 516."
Citi,2023,purchase_volume_usd_bn,497.4,"USPB Branded Cards: Credit card spend volume (in billions of dollars)","Citigroup Inc Form 10-K FY2024, U.S. Personal Banking",https://www.sec.gov/Archives/edgar/data/831001/000083100125000067/c-20241231.htm,"Branded Cards | $ 516.1 | $ 497.4 | $ 474.6 | 4 % | 5 %","Taken from the FY2024 10-K for one decimal. FY2025 10-K shows the same year as 497."
Citi,2025,purchase_volume_usd_bn,88,"USPB Retail Services: Credit card spend volume","Citigroup Inc Form 10-K FY2025, U.S. Personal Banking key drivers",https://www.sec.gov/Archives/edgar/data/831001/000083100126000011/c-20251231.htm,"Retail Services | Credit card spend volume | $ 88 | $ 91 | $ 95 | (3) % | (5) %","Private label and co-brand (Home Depot, Best Buy, Macy's and others). Rounded to whole billions. Quarterly supplement values (19.0, 22.9, 21.5, 24.4) sum to 87.8, my arithmetic. Add to Branded Cards for a total Citi US cards figure."
Citi,2024,purchase_volume_usd_bn,90.6,"USPB Retail Services: Credit card spend volume (in billions of dollars)","Citigroup Inc Form 10-K FY2024, U.S. Personal Banking",https://www.sec.gov/Archives/edgar/data/831001/000083100125000067/c-20241231.htm,"Retail Services | 90.6 | 94.9 | 99.1 | (5) | (4)","Private label and co-brand."
Citi,2023,purchase_volume_usd_bn,94.9,"USPB Retail Services: Credit card spend volume (in billions of dollars)","Citigroup Inc Form 10-K FY2024, U.S. Personal Banking",https://www.sec.gov/Archives/edgar/data/831001/000083100125000067/c-20241231.htm,"Retail Services | 90.6 | 94.9 | 99.1 | (5) | (4)","Private label and co-brand."
Citi,2025,loans_usd_bn,121.5,"USPB Branded Cards: Credit cards (end-of-period consumer loans, 4Q25)","Citigroup Inc Form 10-K FY2025, Consumer Credit Portfolio table",https://www.sec.gov/Archives/edgar/data/831001/000083100126000011/c-20251231.htm,"In billions of dollars | 4Q24 | 1Q25 | 2Q25 | 3Q25 | 4Q25; Credit cards | 117.3 | 112.6 | 116.6 | 117.4 | 121.5","Period end. Excludes personal installment loans (3.8) that Citi moved into Branded Cards from 2025. Footnote: end-of-period loans include interest and fees on credit cards."
Citi,2024,loans_usd_bn,117.3,"USPB Branded Cards: Credit cards (end-of-period consumer loans, 4Q24)","Citigroup Inc Form 10-K FY2025, Consumer Credit Portfolio table",https://www.sec.gov/Archives/edgar/data/831001/000083100126000011/c-20251231.htm,"In billions of dollars | 4Q24 | 1Q25 | 2Q25 | 3Q25 | 4Q25; Credit cards | 117.3 | 112.6 | 116.6 | 117.4 | 121.5","Period end. Matches the FY2024 10-K Branded Cards 4Q24 figure of 117.3."
Citi,2023,loans_usd_bn,111.1,"USPB Branded Cards (end-of-period consumer loans, 4Q23)","Citigroup Inc Form 10-K FY2024, Consumer Credit Portfolio table",https://www.sec.gov/Archives/edgar/data/831001/000083100125000067/c-20241231.htm,"In billions of dollars | 4Q23 | 1Q24 | 2Q24 | 3Q24 | 4Q24; Branded Cards | $ 111.1 | $ 108.0 | $ 111.8 | $ 112.1 | $ 117.3","Period end. Reported before the 2025 move of installment loans into Branded Cards, so it is cards only and lines up with the 2024 and 2025 'Credit cards' rows."
Citi,2025,loans_usd_bn,52.2,"USPB Retail Services (end-of-period consumer loans, 4Q25)","Citigroup Inc Form 10-K FY2025, Consumer Credit Portfolio table",https://www.sec.gov/Archives/edgar/data/831001/000083100126000011/c-20251231.htm,"Retail Services | 53.8 | 50.2 | 50.7 | 50.1 | 52.2","Period end. Columns are 4Q24, 1Q25, 2Q25, 3Q25, 4Q25. Add to Branded Cards for total Citi US cards."
Citi,2024,loans_usd_bn,53.8,"USPB Retail Services (end-of-period consumer loans, 4Q24)","Citigroup Inc Form 10-K FY2025, Consumer Credit Portfolio table",https://www.sec.gov/Archives/edgar/data/831001/000083100126000011/c-20251231.htm,"Retail Services | 53.8 | 50.2 | 50.7 | 50.1 | 52.2","Period end."
Citi,2023,loans_usd_bn,53.6,"USPB Retail Services (end-of-period consumer loans, 4Q23)","Citigroup Inc Form 10-K FY2024, Consumer Credit Portfolio table",https://www.sec.gov/Archives/edgar/data/831001/000083100125000067/c-20241231.htm,"Retail Services | 53.6 | 50.8 | 51.7 | 51.6 | 53.8","Period end. Columns are 4Q23, 1Q24, 2Q24, 3Q24, 4Q24."
Bank of America,2025,purchase_volume_usd_bn,377.760,"Total credit card: Purchase volumes","Bank of America Corp Form 10-K FY2025, Consumer Banking Key Statistics",https://www.sec.gov/Archives/edgar/data/70858/000007085826000157/bac-20251231.htm,"Purchase volumes | $ 377,760 | $ 368,861; (4)Includes consumer credit card portfolios in Consumer Banking and GWIM.","USD millions in filing. Consumer credit card only. Small business card is reported in the commercial portfolio and is excluded. Debit is a separate line."
Bank of America,2024,purchase_volume_usd_bn,368.861,"Total credit card: Purchase volumes","Bank of America Corp Form 10-K FY2025, Consumer Banking Key Statistics",https://www.sec.gov/Archives/edgar/data/70858/000007085826000157/bac-20251231.htm,"Purchase volumes | $ 377,760 | $ 368,861","Consumer credit card only. Same figure appears in the FY2024 10-K."
Bank of America,2023,purchase_volume_usd_bn,363.117,"Total credit card: Purchase volumes","Bank of America Corp Form 10-K FY2024, Key Statistics - Consumer Lending",https://www.sec.gov/Archives/edgar/data/70858/000007085825000139/bac-20241231.htm,"Purchase volumes | $ 368,861 | $ 363,117; (1)Includes GWIM's credit card portfolio.","Consumer credit card only. Taken from the FY2024 10-K because the FY2025 10-K shows only two years."
Bank of America,2025,loans_usd_bn,106.027,"Credit Card State Concentrations: Total credit card portfolio, Outstandings December 31","Bank of America Corp Form 10-K FY2025, Table 26",https://www.sec.gov/Archives/edgar/data/70858/000007085826000157/bac-20251231.htm,"Total credit card portfolio | $ 106,027 | $ 103,566","Period end. Consumer credit card. Excludes U.S. small business card loans (10.9 billion at year end 2025, reported in commercial)."
Bank of America,2024,loans_usd_bn,103.566,"Credit Card State Concentrations: Total credit card portfolio, Outstandings December 31","Bank of America Corp Form 10-K FY2025, Table 26",https://www.sec.gov/Archives/edgar/data/70858/000007085826000157/bac-20251231.htm,"Total credit card portfolio | $ 106,027 | $ 103,566","Period end. Consumer credit card."
Bank of America,2023,loans_usd_bn,102.200,"Credit Card State Concentrations: Total credit card portfolio, Outstandings December 31","Bank of America Corp Form 10-K FY2024, Table 25",https://www.sec.gov/Archives/edgar/data/70858/000007085825000139/bac-20241231.htm,"Total credit card portfolio | $ 103,566 | $ 102,200","Period end. Consumer credit card."
Discover,2024,purchase_volume_usd_bn,212.251,"Credit Card Volume: Discover Card Sales Volume","Discover Financial Services Form 10-K FY2024, transaction volume table",https://www.sec.gov/Archives/edgar/data/1393612/000139361225000009/dfs-20241231.htm,"Discover Card Sales Volume(4) | $ 212,251 | $ 217,914 | $ 210,645; (4)Represents Discover card activity related to sales net of returns.","USD millions in filing. Excludes balance transfers and cash advances (those are in 'Discover Card Volume', 224,579). Last standalone fiscal year."
Discover,2023,purchase_volume_usd_bn,217.914,"Credit Card Volume: Discover Card Sales Volume","Discover Financial Services Form 10-K FY2024, transaction volume table",https://www.sec.gov/Archives/edgar/data/1393612/000139361225000009/dfs-20241231.htm,"Discover Card Sales Volume(4) | $ 212,251 | $ 217,914 | $ 210,645","Sales net of returns."
Discover,2024,loans_usd_bn,102.786,"Loan receivables: Credit card loans, December 31","Discover Financial Services Form 10-K FY2024, Loan Quality table",https://www.sec.gov/Archives/edgar/data/1393612/000139361225000009/dfs-20241231.htm,"Credit card loans | $ 102,786 | $ 102,259","Period end."
Discover,2023,loans_usd_bn,102.259,"Loan receivables: Credit card loans, December 31","Discover Financial Services Form 10-K FY2024, Loan Quality table",https://www.sec.gov/Archives/edgar/data/1393612/000139361225000009/dfs-20241231.htm,"Credit card loans | $ 102,786 | $ 102,259","Period end."
Synchrony,2025,purchase_volume_usd_bn,182.285,"Selected Performance Metrics: Purchase volume","Synchrony Financial Form 10-K FY2025, Other Financial and Statistical Data",https://www.sec.gov/Archives/edgar/data/1601712/000160171226000006/syf-20251231.htm,"Purchase volume(1)(2) | $ 182,285 | $ 182,173 | $ 185,178; (1)Purchase volume, or net credit sales, represents the aggregate amount of charges incurred on credit cards or other credit product accounts less returns during the period.","USD millions in filing. Whole company: private label, Dual Card and co-brand, plus consumer installment loans and commercial credit products. Includes activity on receivables held for sale."
Synchrony,2024,purchase_volume_usd_bn,182.173,"Selected Performance Metrics: Purchase volume","Synchrony Financial Form 10-K FY2025, Other Financial and Statistical Data",https://www.sec.gov/Archives/edgar/data/1601712/000160171226000006/syf-20251231.htm,"Purchase volume(1)(2) | $ 182,285 | $ 182,173 | $ 185,178","Same scope as 2025 row."
Synchrony,2023,purchase_volume_usd_bn,185.178,"Selected Performance Metrics: Purchase volume","Synchrony Financial Form 10-K FY2025, Other Financial and Statistical Data",https://www.sec.gov/Archives/edgar/data/1601712/000160171226000006/syf-20251231.htm,"Purchase volume(1)(2) | $ 182,285 | $ 182,173 | $ 185,178","Same scope as 2025 row."
Synchrony,2025,accounts_mn,68.876,"Selected Performance Metrics: Average active accounts (in thousands)","Synchrony Financial Form 10-K FY2025, Other Financial and Statistical Data",https://www.sec.gov/Archives/edgar/data/1601712/000160171226000006/syf-20251231.htm,"Average active accounts (in thousands)(2)(3) | 68,876 | 70,904 | 70,337; (3)Active accounts represent credit card or installment loan accounts on which there has been a purchase, payment or outstanding balance in the current month.","Accounts, not cards, and active only. Includes installment loan accounts. Period-end total active accounts were 70,693 / 71,532 / 73,484 thousand."
Synchrony,2024,accounts_mn,70.904,"Selected Performance Metrics: Average active accounts (in thousands)","Synchrony Financial Form 10-K FY2025, Other Financial and Statistical Data",https://www.sec.gov/Archives/edgar/data/1601712/000160171226000006/syf-20251231.htm,"Average active accounts (in thousands)(2)(3) | 68,876 | 70,904 | 70,337","Active accounts, annual average."
Synchrony,2023,accounts_mn,70.337,"Selected Performance Metrics: Average active accounts (in thousands)","Synchrony Financial Form 10-K FY2025, Other Financial and Statistical Data",https://www.sec.gov/Archives/edgar/data/1601712/000160171226000006/syf-20251231.htm,"Average active accounts (in thousands)(2)(3) | 68,876 | 70,904 | 70,337","Active accounts, annual average."
Synchrony,2025,loans_usd_bn,103.808,"Selected Period End Data: Loan receivables","Synchrony Financial Form 10-K FY2025, Other Financial and Statistical Data",https://www.sec.gov/Archives/edgar/data/1601712/000160171226000006/syf-20251231.htm,"Loan receivables | $ 103,808 | $ 104,721 | $ 102,988","Period end, all products. Credit cards alone were 96,346 (92.8%) at Dec 31, 2025."
Synchrony,2024,loans_usd_bn,104.721,"Selected Period End Data: Loan receivables","Synchrony Financial Form 10-K FY2025, Other Financial and Statistical Data",https://www.sec.gov/Archives/edgar/data/1601712/000160171226000006/syf-20251231.htm,"Loan receivables | $ 103,808 | $ 104,721 | $ 102,988","Period end, all products. Credit cards alone were 96,818 (92.5%) at Dec 31, 2024."
Synchrony,2023,loans_usd_bn,102.988,"Selected Period End Data: Loan receivables","Synchrony Financial Form 10-K FY2025, Other Financial and Statistical Data",https://www.sec.gov/Archives/edgar/data/1601712/000160171226000006/syf-20251231.htm,"Loan receivables | $ 103,808 | $ 104,721 | $ 102,988","Period end, all products."
Synchrony,2025,loans_usd_bn,96.346,"Loan receivables by product type: Credit cards","Synchrony Financial Form 10-K FY2025, loan receivables composition table",https://www.sec.gov/Archives/edgar/data/1601712/000160171226000006/syf-20251231.htm,"Credit cards | $ 96,346 | 92.8 % | $ 96,818 | 92.5 %","Alternate loans row: credit card receivables only. Do not sum with the total Loan receivables row."
Synchrony,2024,loans_usd_bn,96.818,"Loan receivables by product type: Credit cards","Synchrony Financial Form 10-K FY2025, loan receivables composition table",https://www.sec.gov/Archives/edgar/data/1601712/000160171226000006/syf-20251231.htm,"Credit cards | $ 96,346 | 92.8 % | $ 96,818 | 92.5 %","Alternate loans row: credit card receivables only. Do not sum with the total Loan receivables row."
